[0.000000] (-) TimerEvent: {}
[0.000480] (ydlidar_ros2_driver) JobQueued: {'identifier': 'ydlidar_ros2_driver', 'dependencies': OrderedDict()}
[0.002478] (ydlidar_ros2_driver) JobStarted: {'identifier': 'ydlidar_ros2_driver'}
[0.039126] (ydlidar_ros2_driver) JobProgress: {'identifier': 'ydlidar_ros2_driver', 'progress': 'cmake'}
[0.043462] (ydlidar_ros2_driver) JobProgress: {'identifier': 'ydlidar_ros2_driver', 'progress': 'build'}
[0.048388] (ydlidar_ros2_driver) Command: {'cmd': ['/usr/bin/cmake', '--build', '/root/robot1_ws/build/ydlidar_ros2_driver', '--', '-j4', '-l4'], 'cwd': '/root/robot1_ws/build/ydlidar_ros2_driver', 'env': OrderedDict([('LANGUAGE', 'en_US.UTF-8'), ('USER', 'root'), ('SSH_CLIENT', '192.168.31.58 55796 22'), ('XDG_SESSION_TYPE', 'tty'), ('SHLVL', '0'), ('LD_LIBRARY_PATH', '/opt/ros/humble/lib/aarch64-linux-gnu:/opt/ros/humble/lib'), ('MOTD_SHOWN', 'pam'), ('HOME', '/root'), ('OLDPWD', '/root/robot1_ws/src/ydlidar_ros2_driver'), ('SSH_TTY', '/dev/pts/2'), ('ROS_PYTHON_VERSION', '3'), ('PS1', ''), ('DBUS_SESSION_BUS_ADDRESS', 'unix:path=/run/user/0/bus'), ('DEBUGINFOD_URLS', ''), ('ROS_DISTRO', 'humble'), ('LOGNAME', 'root'), ('_', '/usr/bin/colcon'), ('ROS_VERSION', '2'), ('XDG_SESSION_CLASS', 'user'), ('TERM', 'xterm'), ('XDG_SESSION_ID', '2244'), ('ROS_LOCALHOST_ONLY', '0'), ('PATH', '/opt/ros/humble/bin:/usr/local/sbin:/usr/local/bin:/usr/sbin:/usr/bin:/sbin:/bin:/usr/games:/usr/local/games:/snap/bin'), ('XDG_RUNTIME_DIR', '/run/user/0'), ('LANG', 'en_US.UTF-8'), ('LS_COLORS', 'rs=0:di=01;34:ln=01;36:mh=00:pi=40;33:so=01;35:do=01;35:bd=40;33;01:cd=40;33;01:or=40;31;01:mi=00:su=37;41:sg=30;43:ca=30;41:tw=30;42:ow=34;42:st=37;44:ex=01;32:*.tar=01;31:*.tgz=01;31:*.arc=01;31:*.arj=01;31:*.taz=01;31:*.lha=01;31:*.lz4=01;31:*.lzh=01;31:*.lzma=01;31:*.tlz=01;31:*.txz=01;31:*.tzo=01;31:*.t7z=01;31:*.zip=01;31:*.z=01;31:*.dz=01;31:*.gz=01;31:*.lrz=01;31:*.lz=01;31:*.lzo=01;31:*.xz=01;31:*.zst=01;31:*.tzst=01;31:*.bz2=01;31:*.bz=01;31:*.tbz=01;31:*.tbz2=01;31:*.tz=01;31:*.deb=01;31:*.rpm=01;31:*.jar=01;31:*.war=01;31:*.ear=01;31:*.sar=01;31:*.rar=01;31:*.alz=01;31:*.ace=01;31:*.zoo=01;31:*.cpio=01;31:*.7z=01;31:*.rz=01;31:*.cab=01;31:*.wim=01;31:*.swm=01;31:*.dwm=01;31:*.esd=01;31:*.jpg=01;35:*.jpeg=01;35:*.mjpg=01;35:*.mjpeg=01;35:*.gif=01;35:*.bmp=01;35:*.pbm=01;35:*.pgm=01;35:*.ppm=01;35:*.tga=01;35:*.xbm=01;35:*.xpm=01;35:*.tif=01;35:*.tiff=01;35:*.png=01;35:*.svg=01;35:*.svgz=01;35:*.mng=01;35:*.pcx=01;35:*.mov=01;35:*.mpg=01;35:*.mpeg=01;35:*.m2v=01;35:*.mkv=01;35:*.webm=01;35:*.webp=01;35:*.ogm=01;35:*.mp4=01;35:*.m4v=01;35:*.mp4v=01;35:*.vob=01;35:*.qt=01;35:*.nuv=01;35:*.wmv=01;35:*.asf=01;35:*.rm=01;35:*.rmvb=01;35:*.flc=01;35:*.avi=01;35:*.fli=01;35:*.flv=01;35:*.gl=01;35:*.dl=01;35:*.xcf=01;35:*.xwd=01;35:*.yuv=01;35:*.cgm=01;35:*.emf=01;35:*.ogv=01;35:*.ogx=01;35:*.aac=00;36:*.au=00;36:*.flac=00;36:*.m4a=00;36:*.mid=00;36:*.midi=00;36:*.mka=00;36:*.mp3=00;36:*.mpc=00;36:*.ogg=00;36:*.ra=00;36:*.wav=00;36:*.oga=00;36:*.opus=00;36:*.spx=00;36:*.xspf=00;36:'), ('AMENT_PREFIX_PATH', '/opt/ros/humble'), ('SHELL', '/bin/bash'), ('PWD', '/root/robot1_ws/build/ydlidar_ros2_driver'), ('SSH_CONNECTION', '192.168.31.58 55796 192.168.31.47 22'), ('PYTHONPATH', '/opt/ros/humble/lib/python3.10/site-packages:/opt/ros/humble/local/lib/python3.10/dist-packages'), ('COLCON', '1'), ('CMAKE_PREFIX_PATH', '/opt/ros/humble')]), 'shell': False}
[0.098787] (-) TimerEvent: {}
[0.199352] (-) TimerEvent: {}
[0.244021] (ydlidar_ros2_driver) StdoutLine: {'line': b'Consolidate compiler generated dependencies of target ydlidar_ros2_driver_client\n'}
[0.247562] (ydlidar_ros2_driver) StdoutLine: {'line': b'Consolidate compiler generated dependencies of target ydlidar_ros2_driver_node\n'}
[0.299614] (-) TimerEvent: {}
[0.334322] (ydlidar_ros2_driver) StdoutLine: {'line': b'[ 50%] Built target ydlidar_ros2_driver_client\n'}
[0.336247] (ydlidar_ros2_driver) StdoutLine: {'line': b'[ 75%] Building CXX object CMakeFiles/ydlidar_ros2_driver_node.dir/src/ydlidar_ros2_driver_node.cpp.o\n'}
[0.399841] (-) TimerEvent: {}
[0.500874] (-) TimerEvent: {}
[0.602835] (-) TimerEvent: {}
[0.703366] (-) TimerEvent: {}
[0.803888] (-) TimerEvent: {}
[0.904457] (-) TimerEvent: {}
[1.005026] (-) TimerEvent: {}
[1.105568] (-) TimerEvent: {}
[1.206057] (-) TimerEvent: {}
[1.306563] (-) TimerEvent: {}
[1.407065] (-) TimerEvent: {}
[1.507552] (-) TimerEvent: {}
[1.608032] (-) TimerEvent: {}
[1.708522] (-) TimerEvent: {}
[1.809059] (-) TimerEvent: {}
[1.909535] (-) TimerEvent: {}
[2.010015] (-) TimerEvent: {}
[2.110500] (-) TimerEvent: {}
[2.210993] (-) TimerEvent: {}
[2.311530] (-) TimerEvent: {}
[2.412060] (-) TimerEvent: {}
[2.512549] (-) TimerEvent: {}
[2.613097] (-) TimerEvent: {}
[2.713678] (-) TimerEvent: {}
[2.814216] (-) TimerEvent: {}
[2.914771] (-) TimerEvent: {}
[3.015353] (-) TimerEvent: {}
[3.115920] (-) TimerEvent: {}
[3.216453] (-) TimerEvent: {}
[3.317058] (-) TimerEvent: {}
[3.417653] (-) TimerEvent: {}
[3.518218] (-) TimerEvent: {}
[3.618749] (-) TimerEvent: {}
[3.719256] (-) TimerEvent: {}
[3.819734] (-) TimerEvent: {}
[3.920228] (-) TimerEvent: {}
[4.020725] (-) TimerEvent: {}
[4.121284] (-) TimerEvent: {}
[4.221791] (-) TimerEvent: {}
[4.322342] (-) TimerEvent: {}
[4.422862] (-) TimerEvent: {}
[4.523389] (-) TimerEvent: {}
[4.623887] (-) TimerEvent: {}
[4.724463] (-) TimerEvent: {}
[4.825087] (-) TimerEvent: {}
[4.925619] (-) TimerEvent: {}
[5.026228] (-) TimerEvent: {}
[5.126904] (-) TimerEvent: {}
[5.227505] (-) TimerEvent: {}
[5.328049] (-) TimerEvent: {}
[5.428608] (-) TimerEvent: {}
[5.529245] (-) TimerEvent: {}
[5.629990] (-) TimerEvent: {}
[5.730594] (-) TimerEvent: {}
[5.831182] (-) TimerEvent: {}
[5.931758] (-) TimerEvent: {}
[6.032348] (-) TimerEvent: {}
[6.132923] (-) TimerEvent: {}
[6.233514] (-) TimerEvent: {}
[6.334014] (-) TimerEvent: {}
[6.434544] (-) TimerEvent: {}
[6.535056] (-) TimerEvent: {}
[6.635544] (-) TimerEvent: {}
[6.736047] (-) TimerEvent: {}
[6.836570] (-) TimerEvent: {}
[6.937133] (-) TimerEvent: {}
[7.037629] (-) TimerEvent: {}
[7.138150] (-) TimerEvent: {}
[7.238727] (-) TimerEvent: {}
[7.339263] (-) TimerEvent: {}
[7.439739] (-) TimerEvent: {}
[7.540220] (-) TimerEvent: {}
[7.640747] (-) TimerEvent: {}
[7.741331] (-) TimerEvent: {}
[7.841868] (-) TimerEvent: {}
[7.942409] (-) TimerEvent: {}
[8.042977] (-) TimerEvent: {}
[8.143575] (-) TimerEvent: {}
[8.244156] (-) TimerEvent: {}
[8.344695] (-) TimerEvent: {}
[8.445305] (-) TimerEvent: {}
[8.545845] (-) TimerEvent: {}
[8.646401] (-) TimerEvent: {}
[8.746972] (-) TimerEvent: {}
[8.847521] (-) TimerEvent: {}
[8.948058] (-) TimerEvent: {}
[9.048561] (-) TimerEvent: {}
[9.149129] (-) TimerEvent: {}
[9.249615] (-) TimerEvent: {}
[9.350125] (-) TimerEvent: {}
[9.450665] (-) TimerEvent: {}
[9.551182] (-) TimerEvent: {}
[9.651676] (-) TimerEvent: {}
[9.752168] (-) TimerEvent: {}
[9.852678] (-) TimerEvent: {}
[9.953198] (-) TimerEvent: {}
[10.053687] (-) TimerEvent: {}
[10.154204] (-) TimerEvent: {}
[10.254734] (-) TimerEvent: {}
[10.355236] (-) TimerEvent: {}
[10.455732] (-) TimerEvent: {}
[10.556216] (-) TimerEvent: {}
[10.656699] (-) TimerEvent: {}
[10.757168] (-) TimerEvent: {}
[10.857641] (-) TimerEvent: {}
[10.958158] (-) TimerEvent: {}
[11.058652] (-) TimerEvent: {}
[11.159188] (-) TimerEvent: {}
[11.259697] (-) TimerEvent: {}
[11.360188] (-) TimerEvent: {}
[11.460683] (-) TimerEvent: {}
[11.561168] (-) TimerEvent: {}
[11.661667] (-) TimerEvent: {}
[11.762145] (-) TimerEvent: {}
[11.862617] (-) TimerEvent: {}
[11.963083] (-) TimerEvent: {}
[12.063545] (-) TimerEvent: {}
[12.164061] (-) TimerEvent: {}
[12.264574] (-) TimerEvent: {}
[12.365135] (-) TimerEvent: {}
[12.465629] (-) TimerEvent: {}
[12.566167] (-) TimerEvent: {}
[12.666659] (-) TimerEvent: {}
[12.767138] (-) TimerEvent: {}
[12.867617] (-) TimerEvent: {}
[12.968097] (-) TimerEvent: {}
[13.068586] (-) TimerEvent: {}
[13.169168] (-) TimerEvent: {}
[13.269685] (-) TimerEvent: {}
[13.370184] (-) TimerEvent: {}
[13.470663] (-) TimerEvent: {}
[13.571126] (-) TimerEvent: {}
[13.671577] (-) TimerEvent: {}
[13.772021] (-) TimerEvent: {}
[13.872476] (-) TimerEvent: {}
[13.972927] (-) TimerEvent: {}
[14.073444] (-) TimerEvent: {}
[14.173963] (-) TimerEvent: {}
[14.274463] (-) TimerEvent: {}
[14.374944] (-) TimerEvent: {}
[14.475392] (-) TimerEvent: {}
[14.575875] (-) TimerEvent: {}
[14.676345] (-) TimerEvent: {}
[14.776808] (-) TimerEvent: {}
[14.877314] (-) TimerEvent: {}
[14.977790] (-) TimerEvent: {}
[15.078276] (-) TimerEvent: {}
[15.178798] (-) TimerEvent: {}
[15.279305] (-) TimerEvent: {}
[15.379801] (-) TimerEvent: {}
[15.480290] (-) TimerEvent: {}
[15.580786] (-) TimerEvent: {}
[15.681306] (-) TimerEvent: {}
[15.781773] (-) TimerEvent: {}
[15.882258] (-) TimerEvent: {}
[15.982741] (-) TimerEvent: {}
[16.083211] (-) TimerEvent: {}
[16.183722] (-) TimerEvent: {}
[16.284232] (-) TimerEvent: {}
[16.384728] (-) TimerEvent: {}
[16.450093] (ydlidar_ros2_driver) StderrLine: {'line': b'/root/robot1_ws/src/ydlidar_ros2_driver/src/ydlidar_ros2_driver_node.cpp: In function \xe2\x80\x98int main(int, char**)\xe2\x80\x99:\n'}
[16.453313] (ydlidar_ros2_driver) StderrLine: {'line': b'/root/robot1_ws/src/ydlidar_ros2_driver/src/ydlidar_ros2_driver_node.cpp:44:26: error: no matching function for call to \xe2\x80\x98rclcpp::Node::declare_parameter(const char [5])\xe2\x80\x99\n'}
[16.458912] (ydlidar_ros2_driver) StderrLine: {'line': b'   44 |   node->declare_parameter("port");\n'}
[16.463255] (ydlidar_ros2_driver) StderrLine: {'line': b'      |   ~~~~~~~~~~~~~~~~~~~~~~~^~~~~~~~\n'}
[16.472781] (ydlidar_ros2_driver) StderrLine: {'line': b'In file included from /opt/ros/humble/include/rclcpp/rclcpp/executors/single_threaded_executor.hpp:28,\n'}
[16.487213] (-) TimerEvent: {}
[16.492860] (ydlidar_ros2_driver) StderrLine: {'line': b'                 from /opt/ros/humble/include/rclcpp/rclcpp/executors.hpp:22,\n'}
[16.503435] (ydlidar_ros2_driver) StderrLine: {'line': b'                 from /opt/ros/humble/include/rclcpp/rclcpp/rclcpp.hpp:155,\n'}
[16.504330] (ydlidar_ros2_driver) StderrLine: {'line': b'                 from /root/robot1_ws/src/ydlidar_ros2_driver/src/ydlidar_ros2_driver_node.cpp:23:\n'}
[16.505169] (ydlidar_ros2_driver) StderrLine: {'line': b'/opt/ros/humble/include/rclcpp/rclcpp/node.hpp:421:3: note: candidate: \xe2\x80\x98template<class ParameterT> auto rclcpp::Node::declare_parameter(const string&, const ParameterT&, const ParameterDescriptor&, bool)\xe2\x80\x99\n'}
[16.505995] (ydlidar_ros2_driver) StderrLine: {'line': b'  421 |   declare_parameter(\n'}
[16.506795] (ydlidar_ros2_driver) StderrLine: {'line': b'      |   ^~~~~~~~~~~~~~~~~\n'}
[16.507596] (ydlidar_ros2_driver) StderrLine: {'line': b'/opt/ros/humble/include/rclcpp/rclcpp/node.hpp:421:3: note:   template argument deduction/substitution failed:\n'}
[16.508363] (ydlidar_ros2_driver) StderrLine: {'line': b'/root/robot1_ws/src/ydlidar_ros2_driver/src/ydlidar_ros2_driver_node.cpp:44:26: note:   candidate expects 4 arguments, 1 provided\n'}
[16.509157] (ydlidar_ros2_driver) StderrLine: {'line': b'   44 |   node->declare_parameter("port");\n'}
[16.509997] (ydlidar_ros2_driver) StderrLine: {'line': b'      |   ~~~~~~~~~~~~~~~~~~~~~~~^~~~~~~~\n'}
[16.510792] (ydlidar_ros2_driver) StderrLine: {'line': b'In file included from /opt/ros/humble/include/rclcpp/rclcpp/executors/single_threaded_executor.hpp:28,\n'}
[16.511608] (ydlidar_ros2_driver) StderrLine: {'line': b'                 from /opt/ros/humble/include/rclcpp/rclcpp/executors.hpp:22,\n'}
[16.512410] (ydlidar_ros2_driver) StderrLine: {'line': b'                 from /opt/ros/humble/include/rclcpp/rclcpp/rclcpp.hpp:155,\n'}
[16.513266] (ydlidar_ros2_driver) StderrLine: {'line': b'                 from /root/robot1_ws/src/ydlidar_ros2_driver/src/ydlidar_ros2_driver_node.cpp:23:\n'}
[16.514086] (ydlidar_ros2_driver) StderrLine: {'line': b'/opt/ros/humble/include/rclcpp/rclcpp/node.hpp:434:3: note: candidate: \xe2\x80\x98template<class ParameterT> auto rclcpp::Node::declare_parameter(const string&, const ParameterDescriptor&, bool)\xe2\x80\x99\n'}
[16.514845] (ydlidar_ros2_driver) StderrLine: {'line': b'  434 |   declare_parameter(\n'}
[16.515578] (ydlidar_ros2_driver) StderrLine: {'line': b'      |   ^~~~~~~~~~~~~~~~~\n'}
[16.516284] (ydlidar_ros2_driver) StderrLine: {'line': b'/opt/ros/humble/include/rclcpp/rclcpp/node.hpp:434:3: note:   template argument deduction/substitution failed:\n'}
[16.517081] (ydlidar_ros2_driver) StderrLine: {'line': b'/root/robot1_ws/src/ydlidar_ros2_driver/src/ydlidar_ros2_driver_node.cpp:44:26: note:   couldn\xe2\x80\x99t deduce template parameter \xe2\x80\x98ParameterT\xe2\x80\x99\n'}
[16.517777] (ydlidar_ros2_driver) StderrLine: {'line': b'   44 |   node->declare_parameter("port");\n'}
[16.518417] (ydlidar_ros2_driver) StderrLine: {'line': b'      |   ~~~~~~~~~~~~~~~~~~~~~~~^~~~~~~~\n'}
[16.519035] (ydlidar_ros2_driver) StderrLine: {'line': b'In file included from /opt/ros/humble/include/rclcpp/rclcpp/executors/single_threaded_executor.hpp:28,\n'}
[16.519648] (ydlidar_ros2_driver) StderrLine: {'line': b'                 from /opt/ros/humble/include/rclcpp/rclcpp/executors.hpp:22,\n'}
[16.520261] (ydlidar_ros2_driver) StderrLine: {'line': b'                 from /opt/ros/humble/include/rclcpp/rclcpp/rclcpp.hpp:155,\n'}
[16.520900] (ydlidar_ros2_driver) StderrLine: {'line': b'                 from /root/robot1_ws/src/ydlidar_ros2_driver/src/ydlidar_ros2_driver_node.cpp:23:\n'}
[16.521651] (ydlidar_ros2_driver) StderrLine: {'line': b'/opt/ros/humble/include/rclcpp/rclcpp/node.hpp:366:3: note: candidate: \xe2\x80\x98const rclcpp::ParameterValue& rclcpp::Node::declare_parameter(const string&, const rclcpp::ParameterValue&, const ParameterDescriptor&, bool)\xe2\x80\x99\n'}
[16.522363] (ydlidar_ros2_driver) StderrLine: {'line': b'  366 |   declare_parameter(\n'}
[16.523087] (ydlidar_ros2_driver) StderrLine: {'line': b'      |   ^~~~~~~~~~~~~~~~~\n'}
[16.523839] (ydlidar_ros2_driver) StderrLine: {'line': b'/opt/ros/humble/include/rclcpp/rclcpp/node.hpp:366:3: note:   candidate expects 4 arguments, 1 provided\n'}
[16.524576] (ydlidar_ros2_driver) StderrLine: {'line': b'/opt/ros/humble/include/rclcpp/rclcpp/node.hpp:391:3: note: candidate: \xe2\x80\x98const rclcpp::ParameterValue& rclcpp::Node::declare_parameter(const string&, rclcpp::ParameterType, const ParameterDescriptor&, bool)\xe2\x80\x99\n'}
[16.525291] (ydlidar_ros2_driver) StderrLine: {'line': b'  391 |   declare_parameter(\n'}
[16.525997] (ydlidar_ros2_driver) StderrLine: {'line': b'      |   ^~~~~~~~~~~~~~~~~\n'}
[16.526707] (ydlidar_ros2_driver) StderrLine: {'line': b'/opt/ros/humble/include/rclcpp/rclcpp/node.hpp:391:3: note:   candidate expects 4 arguments, 1 provided\n'}
[16.527453] (ydlidar_ros2_driver) StderrLine: {'line': b'/root/robot1_ws/src/ydlidar_ros2_driver/src/ydlidar_ros2_driver_node.cpp:51:26: error: no matching function for call to \xe2\x80\x98rclcpp::Node::declare_parameter(const char [13])\xe2\x80\x99\n'}
[16.528215] (ydlidar_ros2_driver) StderrLine: {'line': b'   51 |   node->declare_parameter("ignore_array");\n'}
[16.528971] (ydlidar_ros2_driver) StderrLine: {'line': b'      |   ~~~~~~~~~~~~~~~~~~~~~~~^~~~~~~~~~~~~~~~\n'}
[16.529825] (ydlidar_ros2_driver) StderrLine: {'line': b'In file included from /opt/ros/humble/include/rclcpp/rclcpp/executors/single_threaded_executor.hpp:28,\n'}
[16.530622] (ydlidar_ros2_driver) StderrLine: {'line': b'                 from /opt/ros/humble/include/rclcpp/rclcpp/executors.hpp:22,\n'}
[16.531447] (ydlidar_ros2_driver) StderrLine: {'line': b'                 from /opt/ros/humble/include/rclcpp/rclcpp/rclcpp.hpp:155,\n'}
[16.532187] (ydlidar_ros2_driver) StderrLine: {'line': b'                 from /root/robot1_ws/src/ydlidar_ros2_driver/src/ydlidar_ros2_driver_node.cpp:23:\n'}
[16.532911] (ydlidar_ros2_driver) StderrLine: {'line': b'/opt/ros/humble/include/rclcpp/rclcpp/node.hpp:421:3: note: candidate: \xe2\x80\x98template<class ParameterT> auto rclcpp::Node::declare_parameter(const string&, const ParameterT&, const ParameterDescriptor&, bool)\xe2\x80\x99\n'}
[16.533762] (ydlidar_ros2_driver) StderrLine: {'line': b'  421 |   declare_parameter(\n'}
[16.534492] (ydlidar_ros2_driver) StderrLine: {'line': b'      |   ^~~~~~~~~~~~~~~~~\n'}
[16.535141] (ydlidar_ros2_driver) StderrLine: {'line': b'/opt/ros/humble/include/rclcpp/rclcpp/node.hpp:421:3: note:   template argument deduction/substitution failed:\n'}
[16.535825] (ydlidar_ros2_driver) StderrLine: {'line': b'/root/robot1_ws/src/ydlidar_ros2_driver/src/ydlidar_ros2_driver_node.cpp:51:26: note:   candidate expects 4 arguments, 1 provided\n'}
[16.536444] (ydlidar_ros2_driver) StderrLine: {'line': b'   51 |   node->declare_parameter("ignore_array");\n'}
[16.537089] (ydlidar_ros2_driver) StderrLine: {'line': b'      |   ~~~~~~~~~~~~~~~~~~~~~~~^~~~~~~~~~~~~~~~\n'}
[16.537738] (ydlidar_ros2_driver) StderrLine: {'line': b'In file included from /opt/ros/humble/include/rclcpp/rclcpp/executors/single_threaded_executor.hpp:28,\n'}
[16.538368] (ydlidar_ros2_driver) StderrLine: {'line': b'                 from /opt/ros/humble/include/rclcpp/rclcpp/executors.hpp:22,\n'}
[16.539039] (ydlidar_ros2_driver) StderrLine: {'line': b'                 from /opt/ros/humble/include/rclcpp/rclcpp/rclcpp.hpp:155,\n'}
[16.539705] (ydlidar_ros2_driver) StderrLine: {'line': b'                 from /root/robot1_ws/src/ydlidar_ros2_driver/src/ydlidar_ros2_driver_node.cpp:23:\n'}
[16.540421] (ydlidar_ros2_driver) StderrLine: {'line': b'/opt/ros/humble/include/rclcpp/rclcpp/node.hpp:434:3: note: candidate: \xe2\x80\x98template<class ParameterT> auto rclcpp::Node::declare_parameter(const string&, const ParameterDescriptor&, bool)\xe2\x80\x99\n'}
[16.541223] (ydlidar_ros2_driver) StderrLine: {'line': b'  434 |   declare_parameter(\n'}
[16.542004] (ydlidar_ros2_driver) StderrLine: {'line': b'      |   ^~~~~~~~~~~~~~~~~\n'}
[16.542661] (ydlidar_ros2_driver) StderrLine: {'line': b'/opt/ros/humble/include/rclcpp/rclcpp/node.hpp:434:3: note:   template argument deduction/substitution failed:\n'}
[16.543282] (ydlidar_ros2_driver) StderrLine: {'line': b'/root/robot1_ws/src/ydlidar_ros2_driver/src/ydlidar_ros2_driver_node.cpp:51:26: note:   couldn\xe2\x80\x99t deduce template parameter \xe2\x80\x98ParameterT\xe2\x80\x99\n'}
[16.543958] (ydlidar_ros2_driver) StderrLine: {'line': b'   51 |   node->declare_parameter("ignore_array");\n'}
[16.544684] (ydlidar_ros2_driver) StderrLine: {'line': b'      |   ~~~~~~~~~~~~~~~~~~~~~~~^~~~~~~~~~~~~~~~\n'}
[16.545493] (ydlidar_ros2_driver) StderrLine: {'line': b'In file included from /opt/ros/humble/include/rclcpp/rclcpp/executors/single_threaded_executor.hpp:28,\n'}
[16.546242] (ydlidar_ros2_driver) StderrLine: {'line': b'                 from /opt/ros/humble/include/rclcpp/rclcpp/executors.hpp:22,\n'}
[16.547013] (ydlidar_ros2_driver) StderrLine: {'line': b'                 from /opt/ros/humble/include/rclcpp/rclcpp/rclcpp.hpp:155,\n'}
[16.547751] (ydlidar_ros2_driver) StderrLine: {'line': b'                 from /root/robot1_ws/src/ydlidar_ros2_driver/src/ydlidar_ros2_driver_node.cpp:23:\n'}
[16.548474] (ydlidar_ros2_driver) StderrLine: {'line': b'/opt/ros/humble/include/rclcpp/rclcpp/node.hpp:366:3: note: candidate: \xe2\x80\x98const rclcpp::ParameterValue& rclcpp::Node::declare_parameter(const string&, const rclcpp::ParameterValue&, const ParameterDescriptor&, bool)\xe2\x80\x99\n'}
[16.549248] (ydlidar_ros2_driver) StderrLine: {'line': b'  366 |   declare_parameter(\n'}
[16.550002] (ydlidar_ros2_driver) StderrLine: {'line': b'      |   ^~~~~~~~~~~~~~~~~\n'}
[16.550680] (ydlidar_ros2_driver) StderrLine: {'line': b'/opt/ros/humble/include/rclcpp/rclcpp/node.hpp:366:3: note:   candidate expects 4 arguments, 1 provided\n'}
[16.551309] (ydlidar_ros2_driver) StderrLine: {'line': b'/opt/ros/humble/include/rclcpp/rclcpp/node.hpp:391:3: note: candidate: \xe2\x80\x98const rclcpp::ParameterValue& rclcpp::Node::declare_parameter(const string&, rclcpp::ParameterType, const ParameterDescriptor&, bool)\xe2\x80\x99\n'}
[16.551941] (ydlidar_ros2_driver) StderrLine: {'line': b'  391 |   declare_parameter(\n'}
[16.552548] (ydlidar_ros2_driver) StderrLine: {'line': b'      |   ^~~~~~~~~~~~~~~~~\n'}
[16.553190] (ydlidar_ros2_driver) StderrLine: {'line': b'/opt/ros/humble/include/rclcpp/rclcpp/node.hpp:391:3: note:   candidate expects 4 arguments, 1 provided\n'}
[16.553846] (ydlidar_ros2_driver) StderrLine: {'line': b'/root/robot1_ws/src/ydlidar_ros2_driver/src/ydlidar_ros2_driver_node.cpp:56:26: error: no matching function for call to \xe2\x80\x98rclcpp::Node::declare_parameter(const char [9])\xe2\x80\x99\n'}
[16.554558] (ydlidar_ros2_driver) StderrLine: {'line': b'   56 |   node->declare_parameter("frame_id");\n'}
[16.555272] (ydlidar_ros2_driver) StderrLine: {'line': b'      |   ~~~~~~~~~~~~~~~~~~~~~~~^~~~~~~~~~~~\n'}
[16.555969] (ydlidar_ros2_driver) StderrLine: {'line': b'In file included from /opt/ros/humble/include/rclcpp/rclcpp/executors/single_threaded_executor.hpp:28,\n'}
[16.556702] (ydlidar_ros2_driver) StderrLine: {'line': b'                 from /opt/ros/humble/include/rclcpp/rclcpp/executors.hpp:22,\n'}
[16.557525] (ydlidar_ros2_driver) StderrLine: {'line': b'                 from /opt/ros/humble/include/rclcpp/rclcpp/rclcpp.hpp:155,\n'}
[16.558245] (ydlidar_ros2_driver) StderrLine: {'line': b'                 from /root/robot1_ws/src/ydlidar_ros2_driver/src/ydlidar_ros2_driver_node.cpp:23:\n'}
[16.558874] (ydlidar_ros2_driver) StderrLine: {'line': b'/opt/ros/humble/include/rclcpp/rclcpp/node.hpp:421:3: note: candidate: \xe2\x80\x98template<class ParameterT> auto rclcpp::Node::declare_parameter(const string&, const ParameterT&, const ParameterDescriptor&, bool)\xe2\x80\x99\n'}
[16.559516] (ydlidar_ros2_driver) StderrLine: {'line': b'  421 |   declare_parameter(\n'}
[16.560219] (ydlidar_ros2_driver) StderrLine: {'line': b'      |   ^~~~~~~~~~~~~~~~~\n'}
[16.560956] (ydlidar_ros2_driver) StderrLine: {'line': b'/opt/ros/humble/include/rclcpp/rclcpp/node.hpp:421:3: note:   template argument deduction/substitution failed:\n'}
[16.561773] (ydlidar_ros2_driver) StderrLine: {'line': b'/root/robot1_ws/src/ydlidar_ros2_driver/src/ydlidar_ros2_driver_node.cpp:56:26: note:   candidate expects 4 arguments, 1 provided\n'}
[16.562537] (ydlidar_ros2_driver) StderrLine: {'line': b'   56 |   node->declare_parameter("frame_id");\n'}
[16.563434] (ydlidar_ros2_driver) StderrLine: {'line': b'      |   ~~~~~~~~~~~~~~~~~~~~~~~^~~~~~~~~~~~\n'}
[16.565272] (ydlidar_ros2_driver) StderrLine: {'line': b'In file included from /opt/ros/humble/include/rclcpp/rclcpp/executors/single_threaded_executor.hpp:28,\n'}
[16.566046] (ydlidar_ros2_driver) StderrLine: {'line': b'                 from /opt/ros/humble/include/rclcpp/rclcpp/executors.hpp:22,\n'}
[16.566748] (ydlidar_ros2_driver) StderrLine: {'line': b'                 from /opt/ros/humble/include/rclcpp/rclcpp/rclcpp.hpp:155,\n'}
[16.567505] (ydlidar_ros2_driver) StderrLine: {'line': b'                 from /root/robot1_ws/src/ydlidar_ros2_driver/src/ydlidar_ros2_driver_node.cpp:23:\n'}
[16.568282] (ydlidar_ros2_driver) StderrLine: {'line': b'/opt/ros/humble/include/rclcpp/rclcpp/node.hpp:434:3: note: candidate: \xe2\x80\x98template<class ParameterT> auto rclcpp::Node::declare_parameter(const string&, const ParameterDescriptor&, bool)\xe2\x80\x99\n'}
[16.569146] (ydlidar_ros2_driver) StderrLine: {'line': b'  434 |   declare_parameter(\n'}
[16.570116] (ydlidar_ros2_driver) StderrLine: {'line': b'      |   ^~~~~~~~~~~~~~~~~\n'}
[16.570900] (ydlidar_ros2_driver) StderrLine: {'line': b'/opt/ros/humble/include/rclcpp/rclcpp/node.hpp:434:3: note:   template argument deduction/substitution failed:\n'}
[16.571647] (ydlidar_ros2_driver) StderrLine: {'line': b'/root/robot1_ws/src/ydlidar_ros2_driver/src/ydlidar_ros2_driver_node.cpp:56:26: note:   couldn\xe2\x80\x99t deduce template parameter \xe2\x80\x98ParameterT\xe2\x80\x99\n'}
[16.572463] (ydlidar_ros2_driver) StderrLine: {'line': b'   56 |   node->declare_parameter("frame_id");\n'}
[16.573340] (ydlidar_ros2_driver) StderrLine: {'line': b'      |   ~~~~~~~~~~~~~~~~~~~~~~~^~~~~~~~~~~~\n'}
[16.574111] (ydlidar_ros2_driver) StderrLine: {'line': b'In file included from /opt/ros/humble/include/rclcpp/rclcpp/executors/single_threaded_executor.hpp:28,\n'}
[16.574844] (ydlidar_ros2_driver) StderrLine: {'line': b'                 from /opt/ros/humble/include/rclcpp/rclcpp/executors.hpp:22,\n'}
[16.575548] (ydlidar_ros2_driver) StderrLine: {'line': b'                 from /opt/ros/humble/include/rclcpp/rclcpp/rclcpp.hpp:155,\n'}
[16.576251] (ydlidar_ros2_driver) StderrLine: {'line': b'                 from /root/robot1_ws/src/ydlidar_ros2_driver/src/ydlidar_ros2_driver_node.cpp:23:\n'}
[16.576899] (ydlidar_ros2_driver) StderrLine: {'line': b'/opt/ros/humble/include/rclcpp/rclcpp/node.hpp:366:3: note: candidate: \xe2\x80\x98const rclcpp::ParameterValue& rclcpp::Node::declare_parameter(const string&, const rclcpp::ParameterValue&, const ParameterDescriptor&, bool)\xe2\x80\x99\n'}
[16.577617] (ydlidar_ros2_driver) StderrLine: {'line': b'  366 |   declare_parameter(\n'}
[16.578266] (ydlidar_ros2_driver) StderrLine: {'line': b'      |   ^~~~~~~~~~~~~~~~~\n'}
[16.578938] (ydlidar_ros2_driver) StderrLine: {'line': b'/opt/ros/humble/include/rclcpp/rclcpp/node.hpp:366:3: note:   candidate expects 4 arguments, 1 provided\n'}
[16.579660] (ydlidar_ros2_driver) StderrLine: {'line': b'/opt/ros/humble/include/rclcpp/rclcpp/node.hpp:391:3: note: candidate: \xe2\x80\x98const rclcpp::ParameterValue& rclcpp::Node::declare_parameter(const string&, rclcpp::ParameterType, const ParameterDescriptor&, bool)\xe2\x80\x99\n'}
[16.580393] (ydlidar_ros2_driver) StderrLine: {'line': b'  391 |   declare_parameter(\n'}
[16.581187] (ydlidar_ros2_driver) StderrLine: {'line': b'      |   ^~~~~~~~~~~~~~~~~\n'}
[16.582001] (ydlidar_ros2_driver) StderrLine: {'line': b'/opt/ros/humble/include/rclcpp/rclcpp/node.hpp:391:3: note:   candidate expects 4 arguments, 1 provided\n'}
[16.582763] (ydlidar_ros2_driver) StderrLine: {'line': b'/root/robot1_ws/src/ydlidar_ros2_driver/src/ydlidar_ros2_driver_node.cpp:62:26: error: no matching function for call to \xe2\x80\x98rclcpp::Node::declare_parameter(const char [9])\xe2\x80\x99\n'}
[16.583526] (ydlidar_ros2_driver) StderrLine: {'line': b'   62 |   node->declare_parameter("baudrate");\n'}
[16.584333] (ydlidar_ros2_driver) StderrLine: {'line': b'      |   ~~~~~~~~~~~~~~~~~~~~~~~^~~~~~~~~~~~\n'}
[16.585152] (ydlidar_ros2_driver) StderrLine: {'line': b'In file included from /opt/ros/humble/include/rclcpp/rclcpp/executors/single_threaded_executor.hpp:28,\n'}
[16.585908] (ydlidar_ros2_driver) StderrLine: {'line': b'                 from /opt/ros/humble/include/rclcpp/rclcpp/executors.hpp:22,\n'}
[16.586657] (ydlidar_ros2_driver) StderrLine: {'line': b'                 from /opt/ros/humble/include/rclcpp/rclcpp/rclcpp.hpp:155,\n'}
[16.587323] (-) TimerEvent: {}
[16.587509] (ydlidar_ros2_driver) StderrLine: {'line': b'                 from /root/robot1_ws/src/ydlidar_ros2_driver/src/ydlidar_ros2_driver_node.cpp:23:\n'}
[16.588226] (ydlidar_ros2_driver) StderrLine: {'line': b'/opt/ros/humble/include/rclcpp/rclcpp/node.hpp:421:3: note: candidate: \xe2\x80\x98template<class ParameterT> auto rclcpp::Node::declare_parameter(const string&, const ParameterT&, const ParameterDescriptor&, bool)\xe2\x80\x99\n'}
[16.589030] (ydlidar_ros2_driver) StderrLine: {'line': b'  421 |   declare_parameter(\n'}
[16.589734] (ydlidar_ros2_driver) StderrLine: {'line': b'      |   ^~~~~~~~~~~~~~~~~\n'}
[16.590373] (ydlidar_ros2_driver) StderrLine: {'line': b'/opt/ros/humble/include/rclcpp/rclcpp/node.hpp:421:3: note:   template argument deduction/substitution failed:\n'}
[16.591035] (ydlidar_ros2_driver) StderrLine: {'line': b'/root/robot1_ws/src/ydlidar_ros2_driver/src/ydlidar_ros2_driver_node.cpp:62:26: note:   candidate expects 4 arguments, 1 provided\n'}
[16.591741] (ydlidar_ros2_driver) StderrLine: {'line': b'   62 |   node->declare_parameter("baudrate");\n'}
[16.592451] (ydlidar_ros2_driver) StderrLine: {'line': b'      |   ~~~~~~~~~~~~~~~~~~~~~~~^~~~~~~~~~~~\n'}
[16.593229] (ydlidar_ros2_driver) StderrLine: {'line': b'In file included from /opt/ros/humble/include/rclcpp/rclcpp/executors/single_threaded_executor.hpp:28,\n'}
[16.594037] (ydlidar_ros2_driver) StderrLine: {'line': b'                 from /opt/ros/humble/include/rclcpp/rclcpp/executors.hpp:22,\n'}
[16.594789] (ydlidar_ros2_driver) StderrLine: {'line': b'                 from /opt/ros/humble/include/rclcpp/rclcpp/rclcpp.hpp:155,\n'}
[16.595596] (ydlidar_ros2_driver) StderrLine: {'line': b'                 from /root/robot1_ws/src/ydlidar_ros2_driver/src/ydlidar_ros2_driver_node.cpp:23:\n'}
[16.596408] (ydlidar_ros2_driver) StderrLine: {'line': b'/opt/ros/humble/include/rclcpp/rclcpp/node.hpp:434:3: note: candidate: \xe2\x80\x98template<class ParameterT> auto rclcpp::Node::declare_parameter(const string&, const ParameterDescriptor&, bool)\xe2\x80\x99\n'}
[16.597223] (ydlidar_ros2_driver) StderrLine: {'line': b'  434 |   declare_parameter(\n'}
[16.597966] (ydlidar_ros2_driver) StderrLine: {'line': b'      |   ^~~~~~~~~~~~~~~~~\n'}
[16.598710] (ydlidar_ros2_driver) StderrLine: {'line': b'/opt/ros/humble/include/rclcpp/rclcpp/node.hpp:434:3: note:   template argument deduction/substitution failed:\n'}
[16.599427] (ydlidar_ros2_driver) StderrLine: {'line': b'/root/robot1_ws/src/ydlidar_ros2_driver/src/ydlidar_ros2_driver_node.cpp:62:26: note:   couldn\xe2\x80\x99t deduce template parameter \xe2\x80\x98ParameterT\xe2\x80\x99\n'}
[16.600173] (ydlidar_ros2_driver) StderrLine: {'line': b'   62 |   node->declare_parameter("baudrate");\n'}
[16.600827] (ydlidar_ros2_driver) StderrLine: {'line': b'      |   ~~~~~~~~~~~~~~~~~~~~~~~^~~~~~~~~~~~\n'}
[16.601525] (ydlidar_ros2_driver) StderrLine: {'line': b'In file included from /opt/ros/humble/include/rclcpp/rclcpp/executors/single_threaded_executor.hpp:28,\n'}
[16.602173] (ydlidar_ros2_driver) StderrLine: {'line': b'                 from /opt/ros/humble/include/rclcpp/rclcpp/executors.hpp:22,\n'}
[16.602856] (ydlidar_ros2_driver) StderrLine: {'line': b'                 from /opt/ros/humble/include/rclcpp/rclcpp/rclcpp.hpp:155,\n'}
[16.603561] (ydlidar_ros2_driver) StderrLine: {'line': b'                 from /root/robot1_ws/src/ydlidar_ros2_driver/src/ydlidar_ros2_driver_node.cpp:23:\n'}
[16.604268] (ydlidar_ros2_driver) StderrLine: {'line': b'/opt/ros/humble/include/rclcpp/rclcpp/node.hpp:366:3: note: candidate: \xe2\x80\x98const rclcpp::ParameterValue& rclcpp::Node::declare_parameter(const string&, const rclcpp::ParameterValue&, const ParameterDescriptor&, bool)\xe2\x80\x99\n'}
[16.605037] (ydlidar_ros2_driver) StderrLine: {'line': b'  366 |   declare_parameter(\n'}
[16.605857] (ydlidar_ros2_driver) StderrLine: {'line': b'      |   ^~~~~~~~~~~~~~~~~\n'}
[16.606632] (ydlidar_ros2_driver) StderrLine: {'line': b'/opt/ros/humble/include/rclcpp/rclcpp/node.hpp:366:3: note:   candidate expects 4 arguments, 1 provided\n'}
[16.607392] (ydlidar_ros2_driver) StderrLine: {'line': b'/opt/ros/humble/include/rclcpp/rclcpp/node.hpp:391:3: note: candidate: \xe2\x80\x98const rclcpp::ParameterValue& rclcpp::Node::declare_parameter(const string&, rclcpp::ParameterType, const ParameterDescriptor&, bool)\xe2\x80\x99\n'}
[16.608167] (ydlidar_ros2_driver) StderrLine: {'line': b'  391 |   declare_parameter(\n'}
[16.608961] (ydlidar_ros2_driver) StderrLine: {'line': b'      |   ^~~~~~~~~~~~~~~~~\n'}
[16.609789] (ydlidar_ros2_driver) StderrLine: {'line': b'/opt/ros/humble/include/rclcpp/rclcpp/node.hpp:391:3: note:   candidate expects 4 arguments, 1 provided\n'}
[16.610526] (ydlidar_ros2_driver) StderrLine: {'line': b'/root/robot1_ws/src/ydlidar_ros2_driver/src/ydlidar_ros2_driver_node.cpp:67:26: error: no matching function for call to \xe2\x80\x98rclcpp::Node::declare_parameter(const char [11])\xe2\x80\x99\n'}
[16.611263] (ydlidar_ros2_driver) StderrLine: {'line': b'   67 |   node->declare_parameter("lidar_type");\n'}
[16.611953] (ydlidar_ros2_driver) StderrLine: {'line': b'      |   ~~~~~~~~~~~~~~~~~~~~~~~^~~~~~~~~~~~~~\n'}
[16.612608] (ydlidar_ros2_driver) StderrLine: {'line': b'In file included from /opt/ros/humble/include/rclcpp/rclcpp/executors/single_threaded_executor.hpp:28,\n'}
[16.613298] (ydlidar_ros2_driver) StderrLine: {'line': b'                 from /opt/ros/humble/include/rclcpp/rclcpp/executors.hpp:22,\n'}
[16.613959] (ydlidar_ros2_driver) StderrLine: {'line': b'                 from /opt/ros/humble/include/rclcpp/rclcpp/rclcpp.hpp:155,\n'}
[16.614581] (ydlidar_ros2_driver) StderrLine: {'line': b'                 from /root/robot1_ws/src/ydlidar_ros2_driver/src/ydlidar_ros2_driver_node.cpp:23:\n'}
[16.615268] (ydlidar_ros2_driver) StderrLine: {'line': b'/opt/ros/humble/include/rclcpp/rclcpp/node.hpp:421:3: note: candidate: \xe2\x80\x98template<class ParameterT> auto rclcpp::Node::declare_parameter(const string&, const ParameterT&, const ParameterDescriptor&, bool)\xe2\x80\x99\n'}
[16.615978] (ydlidar_ros2_driver) StderrLine: {'line': b'  421 |   declare_parameter(\n'}
[16.616659] (ydlidar_ros2_driver) StderrLine: {'line': b'      |   ^~~~~~~~~~~~~~~~~\n'}
[16.617436] (ydlidar_ros2_driver) StderrLine: {'line': b'/opt/ros/humble/include/rclcpp/rclcpp/node.hpp:421:3: note:   template argument deduction/substitution failed:\n'}
[16.618233] (ydlidar_ros2_driver) StderrLine: {'line': b'/root/robot1_ws/src/ydlidar_ros2_driver/src/ydlidar_ros2_driver_node.cpp:67:26: note:   candidate expects 4 arguments, 1 provided\n'}
[16.619042] (ydlidar_ros2_driver) StderrLine: {'line': b'   67 |   node->declare_parameter("lidar_type");\n'}
[16.619794] (ydlidar_ros2_driver) StderrLine: {'line': b'      |   ~~~~~~~~~~~~~~~~~~~~~~~^~~~~~~~~~~~~~\n'}
[16.620556] (ydlidar_ros2_driver) StderrLine: {'line': b'In file included from /opt/ros/humble/include/rclcpp/rclcpp/executors/single_threaded_executor.hpp:28,\n'}
[16.621380] (ydlidar_ros2_driver) StderrLine: {'line': b'                 from /opt/ros/humble/include/rclcpp/rclcpp/executors.hpp:22,\n'}
[16.622211] (ydlidar_ros2_driver) StderrLine: {'line': b'                 from /opt/ros/humble/include/rclcpp/rclcpp/rclcpp.hpp:155,\n'}
[16.623027] (ydlidar_ros2_driver) StderrLine: {'line': b'                 from /root/robot1_ws/src/ydlidar_ros2_driver/src/ydlidar_ros2_driver_node.cpp:23:\n'}
[16.623833] (ydlidar_ros2_driver) StderrLine: {'line': b'/opt/ros/humble/include/rclcpp/rclcpp/node.hpp:434:3: note: candidate: \xe2\x80\x98template<class ParameterT> auto rclcpp::Node::declare_parameter(const string&, const ParameterDescriptor&, bool)\xe2\x80\x99\n'}
[16.624636] (ydlidar_ros2_driver) StderrLine: {'line': b'  434 |   declare_parameter(\n'}
[16.625517] (ydlidar_ros2_driver) StderrLine: {'line': b'      |   ^~~~~~~~~~~~~~~~~\n'}
[16.626342] (ydlidar_ros2_driver) StderrLine: {'line': b'/opt/ros/humble/include/rclcpp/rclcpp/node.hpp:434:3: note:   template argument deduction/substitution failed:\n'}
[16.627144] (ydlidar_ros2_driver) StderrLine: {'line': b'/root/robot1_ws/src/ydlidar_ros2_driver/src/ydlidar_ros2_driver_node.cpp:67:26: note:   couldn\xe2\x80\x99t deduce template parameter \xe2\x80\x98ParameterT\xe2\x80\x99\n'}
[16.627951] (ydlidar_ros2_driver) StderrLine: {'line': b'   67 |   node->declare_parameter("lidar_type");\n'}
[16.628774] (ydlidar_ros2_driver) StderrLine: {'line': b'      |   ~~~~~~~~~~~~~~~~~~~~~~~^~~~~~~~~~~~~~\n'}
[16.629662] (ydlidar_ros2_driver) StderrLine: {'line': b'In file included from /opt/ros/humble/include/rclcpp/rclcpp/executors/single_threaded_executor.hpp:28,\n'}
[16.630424] (ydlidar_ros2_driver) StderrLine: {'line': b'                 from /opt/ros/humble/include/rclcpp/rclcpp/executors.hpp:22,\n'}
[16.631182] (ydlidar_ros2_driver) StderrLine: {'line': b'                 from /opt/ros/humble/include/rclcpp/rclcpp/rclcpp.hpp:155,\n'}
[16.631931] (ydlidar_ros2_driver) StderrLine: {'line': b'                 from /root/robot1_ws/src/ydlidar_ros2_driver/src/ydlidar_ros2_driver_node.cpp:23:\n'}
[16.632672] (ydlidar_ros2_driver) StderrLine: {'line': b'/opt/ros/humble/include/rclcpp/rclcpp/node.hpp:366:3: note: candidate: \xe2\x80\x98const rclcpp::ParameterValue& rclcpp::Node::declare_parameter(const string&, const rclcpp::ParameterValue&, const ParameterDescriptor&, bool)\xe2\x80\x99\n'}
[16.633525] (ydlidar_ros2_driver) StderrLine: {'line': b'  366 |   declare_parameter(\n'}
[16.634320] (ydlidar_ros2_driver) StderrLine: {'line': b'      |   ^~~~~~~~~~~~~~~~~\n'}
[16.635088] (ydlidar_ros2_driver) StderrLine: {'line': b'/opt/ros/humble/include/rclcpp/rclcpp/node.hpp:366:3: note:   candidate expects 4 arguments, 1 provided\n'}
[16.635914] (ydlidar_ros2_driver) StderrLine: {'line': b'/opt/ros/humble/include/rclcpp/rclcpp/node.hpp:391:3: note: candidate: \xe2\x80\x98const rclcpp::ParameterValue& rclcpp::Node::declare_parameter(const string&, rclcpp::ParameterType, const ParameterDescriptor&, bool)\xe2\x80\x99\n'}
[16.637046] (ydlidar_ros2_driver) StderrLine: {'line': b'  391 |   declare_parameter(\n'}
[16.638001] (ydlidar_ros2_driver) StderrLine: {'line': b'      |   ^~~~~~~~~~~~~~~~~\n'}
[16.638808] (ydlidar_ros2_driver) StderrLine: {'line': b'/opt/ros/humble/include/rclcpp/rclcpp/node.hpp:391:3: note:   candidate expects 4 arguments, 1 provided\n'}
[16.639568] (ydlidar_ros2_driver) StderrLine: {'line': b'/root/robot1_ws/src/ydlidar_ros2_driver/src/ydlidar_ros2_driver_node.cpp:72:26: error: no matching function for call to \xe2\x80\x98rclcpp::Node::declare_parameter(const char [12])\xe2\x80\x99\n'}
[16.640314] (ydlidar_ros2_driver) StderrLine: {'line': b'   72 |   node->declare_parameter("device_type");\n'}
[16.641187] (ydlidar_ros2_driver) StderrLine: {'line': b'      |   ~~~~~~~~~~~~~~~~~~~~~~~^~~~~~~~~~~~~~~\n'}
[16.642047] (ydlidar_ros2_driver) StderrLine: {'line': b'In file included from /opt/ros/humble/include/rclcpp/rclcpp/executors/single_threaded_executor.hpp:28,\n'}
[16.642852] (ydlidar_ros2_driver) StderrLine: {'line': b'                 from /opt/ros/humble/include/rclcpp/rclcpp/executors.hpp:22,\n'}
[16.643627] (ydlidar_ros2_driver) StderrLine: {'line': b'                 from /opt/ros/humble/include/rclcpp/rclcpp/rclcpp.hpp:155,\n'}
[16.644372] (ydlidar_ros2_driver) StderrLine: {'line': b'                 from /root/robot1_ws/src/ydlidar_ros2_driver/src/ydlidar_ros2_driver_node.cpp:23:\n'}
[16.645171] (ydlidar_ros2_driver) StderrLine: {'line': b'/opt/ros/humble/include/rclcpp/rclcpp/node.hpp:421:3: note: candidate: \xe2\x80\x98template<class ParameterT> auto rclcpp::Node::declare_parameter(const string&, const ParameterT&, const ParameterDescriptor&, bool)\xe2\x80\x99\n'}
[16.646002] (ydlidar_ros2_driver) StderrLine: {'line': b'  421 |   declare_parameter(\n'}
[16.646795] (ydlidar_ros2_driver) StderrLine: {'line': b'      |   ^~~~~~~~~~~~~~~~~\n'}
[16.647576] (ydlidar_ros2_driver) StderrLine: {'line': b'/opt/ros/humble/include/rclcpp/rclcpp/node.hpp:421:3: note:   template argument deduction/substitution failed:\n'}
[16.648364] (ydlidar_ros2_driver) StderrLine: {'line': b'/root/robot1_ws/src/ydlidar_ros2_driver/src/ydlidar_ros2_driver_node.cpp:72:26: note:   candidate expects 4 arguments, 1 provided\n'}
[16.649232] (ydlidar_ros2_driver) StderrLine: {'line': b'   72 |   node->declare_parameter("device_type");\n'}
[16.650084] (ydlidar_ros2_driver) StderrLine: {'line': b'      |   ~~~~~~~~~~~~~~~~~~~~~~~^~~~~~~~~~~~~~~\n'}
[16.650886] (ydlidar_ros2_driver) StderrLine: {'line': b'In file included from /opt/ros/humble/include/rclcpp/rclcpp/executors/single_threaded_executor.hpp:28,\n'}
[16.651687] (ydlidar_ros2_driver) StderrLine: {'line': b'                 from /opt/ros/humble/include/rclcpp/rclcpp/executors.hpp:22,\n'}
[16.652546] (ydlidar_ros2_driver) StderrLine: {'line': b'                 from /opt/ros/humble/include/rclcpp/rclcpp/rclcpp.hpp:155,\n'}
[16.653470] (ydlidar_ros2_driver) StderrLine: {'line': b'                 from /root/robot1_ws/src/ydlidar_ros2_driver/src/ydlidar_ros2_driver_node.cpp:23:\n'}
[16.654294] (ydlidar_ros2_driver) StderrLine: {'line': b'/opt/ros/humble/include/rclcpp/rclcpp/node.hpp:434:3: note: candidate: \xe2\x80\x98template<class ParameterT> auto rclcpp::Node::declare_parameter(const string&, const ParameterDescriptor&, bool)\xe2\x80\x99\n'}
[16.655100] (ydlidar_ros2_driver) StderrLine: {'line': b'  434 |   declare_parameter(\n'}
[16.655902] (ydlidar_ros2_driver) StderrLine: {'line': b'      |   ^~~~~~~~~~~~~~~~~\n'}
[16.656699] (ydlidar_ros2_driver) StderrLine: {'line': b'/opt/ros/humble/include/rclcpp/rclcpp/node.hpp:434:3: note:   template argument deduction/substitution failed:\n'}
[16.657622] (ydlidar_ros2_driver) StderrLine: {'line': b'/root/robot1_ws/src/ydlidar_ros2_driver/src/ydlidar_ros2_driver_node.cpp:72:26: note:   couldn\xe2\x80\x99t deduce template parameter \xe2\x80\x98ParameterT\xe2\x80\x99\n'}
[16.658502] (ydlidar_ros2_driver) StderrLine: {'line': b'   72 |   node->declare_parameter("device_type");\n'}
[16.659322] (ydlidar_ros2_driver) StderrLine: {'line': b'      |   ~~~~~~~~~~~~~~~~~~~~~~~^~~~~~~~~~~~~~~\n'}
[16.660140] (ydlidar_ros2_driver) StderrLine: {'line': b'In file included from /opt/ros/humble/include/rclcpp/rclcpp/executors/single_threaded_executor.hpp:28,\n'}
[16.660949] (ydlidar_ros2_driver) StderrLine: {'line': b'                 from /opt/ros/humble/include/rclcpp/rclcpp/executors.hpp:22,\n'}
[16.661831] (ydlidar_ros2_driver) StderrLine: {'line': b'                 from /opt/ros/humble/include/rclcpp/rclcpp/rclcpp.hpp:155,\n'}
[16.662575] (ydlidar_ros2_driver) StderrLine: {'line': b'                 from /root/robot1_ws/src/ydlidar_ros2_driver/src/ydlidar_ros2_driver_node.cpp:23:\n'}
[16.663329] (ydlidar_ros2_driver) StderrLine: {'line': b'/opt/ros/humble/include/rclcpp/rclcpp/node.hpp:366:3: note: candidate: \xe2\x80\x98const rclcpp::ParameterValue& rclcpp::Node::declare_parameter(const string&, const rclcpp::ParameterValue&, const ParameterDescriptor&, bool)\xe2\x80\x99\n'}
[16.664111] (ydlidar_ros2_driver) StderrLine: {'line': b'  366 |   declare_parameter(\n'}
[16.664873] (ydlidar_ros2_driver) StderrLine: {'line': b'      |   ^~~~~~~~~~~~~~~~~\n'}
[16.665736] (ydlidar_ros2_driver) StderrLine: {'line': b'/opt/ros/humble/include/rclcpp/rclcpp/node.hpp:366:3: note:   candidate expects 4 arguments, 1 provided\n'}
[16.666503] (ydlidar_ros2_driver) StderrLine: {'line': b'/opt/ros/humble/include/rclcpp/rclcpp/node.hpp:391:3: note: candidate: \xe2\x80\x98const rclcpp::ParameterValue& rclcpp::Node::declare_parameter(const string&, rclcpp::ParameterType, const ParameterDescriptor&, bool)\xe2\x80\x99\n'}
[16.667284] (ydlidar_ros2_driver) StderrLine: {'line': b'  391 |   declare_parameter(\n'}
[16.668035] (ydlidar_ros2_driver) StderrLine: {'line': b'      |   ^~~~~~~~~~~~~~~~~\n'}
[16.668786] (ydlidar_ros2_driver) StderrLine: {'line': b'/opt/ros/humble/include/rclcpp/rclcpp/node.hpp:391:3: note:   candidate expects 4 arguments, 1 provided\n'}
[16.669683] (ydlidar_ros2_driver) StderrLine: {'line': b'/root/robot1_ws/src/ydlidar_ros2_driver/src/ydlidar_ros2_driver_node.cpp:77:26: error: no matching function for call to \xe2\x80\x98rclcpp::Node::declare_parameter(const char [12])\xe2\x80\x99\n'}
[16.670429] (ydlidar_ros2_driver) StderrLine: {'line': b'   77 |   node->declare_parameter("sample_rate");\n'}
[16.671141] (ydlidar_ros2_driver) StderrLine: {'line': b'      |   ~~~~~~~~~~~~~~~~~~~~~~~^~~~~~~~~~~~~~~\n'}
[16.671855] (ydlidar_ros2_driver) StderrLine: {'line': b'In file included from /opt/ros/humble/include/rclcpp/rclcpp/executors/single_threaded_executor.hpp:28,\n'}
[16.672603] (ydlidar_ros2_driver) StderrLine: {'line': b'                 from /opt/ros/humble/include/rclcpp/rclcpp/executors.hpp:22,\n'}
[16.673431] (ydlidar_ros2_driver) StderrLine: {'line': b'                 from /opt/ros/humble/include/rclcpp/rclcpp/rclcpp.hpp:155,\n'}
[16.674192] (ydlidar_ros2_driver) StderrLine: {'line': b'                 from /root/robot1_ws/src/ydlidar_ros2_driver/src/ydlidar_ros2_driver_node.cpp:23:\n'}
[16.674925] (ydlidar_ros2_driver) StderrLine: {'line': b'/opt/ros/humble/include/rclcpp/rclcpp/node.hpp:421:3: note: candidate: \xe2\x80\x98template<class ParameterT> auto rclcpp::Node::declare_parameter(const string&, const ParameterT&, const ParameterDescriptor&, bool)\xe2\x80\x99\n'}
[16.675725] (ydlidar_ros2_driver) StderrLine: {'line': b'  421 |   declare_parameter(\n'}
[16.676476] (ydlidar_ros2_driver) StderrLine: {'line': b'      |   ^~~~~~~~~~~~~~~~~\n'}
[16.677332] (ydlidar_ros2_driver) StderrLine: {'line': b'/opt/ros/humble/include/rclcpp/rclcpp/node.hpp:421:3: note:   template argument deduction/substitution failed:\n'}
[16.678137] (ydlidar_ros2_driver) StderrLine: {'line': b'/root/robot1_ws/src/ydlidar_ros2_driver/src/ydlidar_ros2_driver_node.cpp:77:26: note:   candidate expects 4 arguments, 1 provided\n'}
[16.678876] (ydlidar_ros2_driver) StderrLine: {'line': b'   77 |   node->declare_parameter("sample_rate");\n'}
[16.679643] (ydlidar_ros2_driver) StderrLine: {'line': b'      |   ~~~~~~~~~~~~~~~~~~~~~~~^~~~~~~~~~~~~~~\n'}
[16.680370] (ydlidar_ros2_driver) StderrLine: {'line': b'In file included from /opt/ros/humble/include/rclcpp/rclcpp/executors/single_threaded_executor.hpp:28,\n'}
[16.681179] (ydlidar_ros2_driver) StderrLine: {'line': b'                 from /opt/ros/humble/include/rclcpp/rclcpp/executors.hpp:22,\n'}
[16.682004] (ydlidar_ros2_driver) StderrLine: {'line': b'                 from /opt/ros/humble/include/rclcpp/rclcpp/rclcpp.hpp:155,\n'}
[16.682753] (ydlidar_ros2_driver) StderrLine: {'line': b'                 from /root/robot1_ws/src/ydlidar_ros2_driver/src/ydlidar_ros2_driver_node.cpp:23:\n'}
[16.683494] (ydlidar_ros2_driver) StderrLine: {'line': b'/opt/ros/humble/include/rclcpp/rclcpp/node.hpp:434:3: note: candidate: \xe2\x80\x98template<class ParameterT> auto rclcpp::Node::declare_parameter(const string&, const ParameterDescriptor&, bool)\xe2\x80\x99\n'}
[16.684229] (ydlidar_ros2_driver) StderrLine: {'line': b'  434 |   declare_parameter(\n'}
[16.685049] (ydlidar_ros2_driver) StderrLine: {'line': b'      |   ^~~~~~~~~~~~~~~~~\n'}
[16.685884] (ydlidar_ros2_driver) StderrLine: {'line': b'/opt/ros/humble/include/rclcpp/rclcpp/node.hpp:434:3: note:   template argument deduction/substitution failed:\n'}
[16.686676] (ydlidar_ros2_driver) StderrLine: {'line': b'/root/robot1_ws/src/ydlidar_ros2_driver/src/ydlidar_ros2_driver_node.cpp:77:26: note:   couldn\xe2\x80\x99t deduce template parameter \xe2\x80\x98ParameterT\xe2\x80\x99\n'}
[16.687409] (-) TimerEvent: {}
[16.687616] (ydlidar_ros2_driver) StderrLine: {'line': b'   77 |   node->declare_parameter("sample_rate");\n'}
[16.688338] (ydlidar_ros2_driver) StderrLine: {'line': b'      |   ~~~~~~~~~~~~~~~~~~~~~~~^~~~~~~~~~~~~~~\n'}
[16.689124] (ydlidar_ros2_driver) StderrLine: {'line': b'In file included from /opt/ros/humble/include/rclcpp/rclcpp/executors/single_threaded_executor.hpp:28,\n'}
[16.689920] (ydlidar_ros2_driver) StderrLine: {'line': b'                 from /opt/ros/humble/include/rclcpp/rclcpp/executors.hpp:22,\n'}
[16.690641] (ydlidar_ros2_driver) StderrLine: {'line': b'                 from /opt/ros/humble/include/rclcpp/rclcpp/rclcpp.hpp:155,\n'}
[16.691286] (ydlidar_ros2_driver) StderrLine: {'line': b'                 from /root/robot1_ws/src/ydlidar_ros2_driver/src/ydlidar_ros2_driver_node.cpp:23:\n'}
[16.691914] (ydlidar_ros2_driver) StderrLine: {'line': b'/opt/ros/humble/include/rclcpp/rclcpp/node.hpp:366:3: note: candidate: \xe2\x80\x98const rclcpp::ParameterValue& rclcpp::Node::declare_parameter(const string&, const rclcpp::ParameterValue&, const ParameterDescriptor&, bool)\xe2\x80\x99\n'}
[16.692535] (ydlidar_ros2_driver) StderrLine: {'line': b'  366 |   declare_parameter(\n'}
[16.693237] (ydlidar_ros2_driver) StderrLine: {'line': b'      |   ^~~~~~~~~~~~~~~~~\n'}
[16.693921] (ydlidar_ros2_driver) StderrLine: {'line': b'/opt/ros/humble/include/rclcpp/rclcpp/node.hpp:366:3: note:   candidate expects 4 arguments, 1 provided\n'}
[16.694561] (ydlidar_ros2_driver) StderrLine: {'line': b'/opt/ros/humble/include/rclcpp/rclcpp/node.hpp:391:3: note: candidate: \xe2\x80\x98const rclcpp::ParameterValue& rclcpp::Node::declare_parameter(const string&, rclcpp::ParameterType, const ParameterDescriptor&, bool)\xe2\x80\x99\n'}
[16.695247] (ydlidar_ros2_driver) StderrLine: {'line': b'  391 |   declare_parameter(\n'}
[16.695925] (ydlidar_ros2_driver) StderrLine: {'line': b'      |   ^~~~~~~~~~~~~~~~~\n'}
[16.696627] (ydlidar_ros2_driver) StderrLine: {'line': b'/opt/ros/humble/include/rclcpp/rclcpp/node.hpp:391:3: note:   candidate expects 4 arguments, 1 provided\n'}
[16.697428] (ydlidar_ros2_driver) StderrLine: {'line': b'/root/robot1_ws/src/ydlidar_ros2_driver/src/ydlidar_ros2_driver_node.cpp:82:26: error: no matching function for call to \xe2\x80\x98rclcpp::Node::declare_parameter(const char [21])\xe2\x80\x99\n'}
[16.698199] (ydlidar_ros2_driver) StderrLine: {'line': b'   82 |   node->declare_parameter("abnormal_check_count");\n'}
[16.698910] (ydlidar_ros2_driver) StderrLine: {'line': b'      |   ~~~~~~~~~~~~~~~~~~~~~~~^~~~~~~~~~~~~~~~~~~~~~~~\n'}
[16.699534] (ydlidar_ros2_driver) StderrLine: {'line': b'In file included from /opt/ros/humble/include/rclcpp/rclcpp/executors/single_threaded_executor.hpp:28,\n'}
[16.700207] (ydlidar_ros2_driver) StderrLine: {'line': b'                 from /opt/ros/humble/include/rclcpp/rclcpp/executors.hpp:22,\n'}
[16.700930] (ydlidar_ros2_driver) StderrLine: {'line': b'                 from /opt/ros/humble/include/rclcpp/rclcpp/rclcpp.hpp:155,\n'}
[16.701799] (ydlidar_ros2_driver) StderrLine: {'line': b'                 from /root/robot1_ws/src/ydlidar_ros2_driver/src/ydlidar_ros2_driver_node.cpp:23:\n'}
[16.702567] (ydlidar_ros2_driver) StderrLine: {'line': b'/opt/ros/humble/include/rclcpp/rclcpp/node.hpp:421:3: note: candidate: \xe2\x80\x98template<class ParameterT> auto rclcpp::Node::declare_parameter(const string&, const ParameterT&, const ParameterDescriptor&, bool)\xe2\x80\x99\n'}
[16.703371] (ydlidar_ros2_driver) StderrLine: {'line': b'  421 |   declare_parameter(\n'}
[16.707376] (ydlidar_ros2_driver) StderrLine: {'line': b'      |   ^~~~~~~~~~~~~~~~~\n'}
[16.708172] (ydlidar_ros2_driver) StderrLine: {'line': b'/opt/ros/humble/include/rclcpp/rclcpp/node.hpp:421:3: note:   template argument deduction/substitution failed:\n'}
[16.708917] (ydlidar_ros2_driver) StderrLine: {'line': b'/root/robot1_ws/src/ydlidar_ros2_driver/src/ydlidar_ros2_driver_node.cpp:82:26: note:   candidate expects 4 arguments, 1 provided\n'}
[16.709810] (ydlidar_ros2_driver) StderrLine: {'line': b'   82 |   node->declare_parameter("abnormal_check_count");\n'}
[16.710528] (ydlidar_ros2_driver) StderrLine: {'line': b'      |   ~~~~~~~~~~~~~~~~~~~~~~~^~~~~~~~~~~~~~~~~~~~~~~~\n'}
[16.711224] (ydlidar_ros2_driver) StderrLine: {'line': b'In file included from /opt/ros/humble/include/rclcpp/rclcpp/executors/single_threaded_executor.hpp:28,\n'}
[16.711919] (ydlidar_ros2_driver) StderrLine: {'line': b'                 from /opt/ros/humble/include/rclcpp/rclcpp/executors.hpp:22,\n'}
[16.712733] (ydlidar_ros2_driver) StderrLine: {'line': b'                 from /opt/ros/humble/include/rclcpp/rclcpp/rclcpp.hpp:155,\n'}
[16.713593] (ydlidar_ros2_driver) StderrLine: {'line': b'                 from /root/robot1_ws/src/ydlidar_ros2_driver/src/ydlidar_ros2_driver_node.cpp:23:\n'}
[16.714354] (ydlidar_ros2_driver) StderrLine: {'line': b'/opt/ros/humble/include/rclcpp/rclcpp/node.hpp:434:3: note: candidate: \xe2\x80\x98template<class ParameterT> auto rclcpp::Node::declare_parameter(const string&, const ParameterDescriptor&, bool)\xe2\x80\x99\n'}
[16.715121] (ydlidar_ros2_driver) StderrLine: {'line': b'  434 |   declare_parameter(\n'}
[16.715812] (ydlidar_ros2_driver) StderrLine: {'line': b'      |   ^~~~~~~~~~~~~~~~~\n'}
[16.716495] (ydlidar_ros2_driver) StderrLine: {'line': b'/opt/ros/humble/include/rclcpp/rclcpp/node.hpp:434:3: note:   template argument deduction/substitution failed:\n'}
[16.717248] (ydlidar_ros2_driver) StderrLine: {'line': b'/root/robot1_ws/src/ydlidar_ros2_driver/src/ydlidar_ros2_driver_node.cpp:82:26: note:   couldn\xe2\x80\x99t deduce template parameter \xe2\x80\x98ParameterT\xe2\x80\x99\n'}
[16.717960] (ydlidar_ros2_driver) StderrLine: {'line': b'   82 |   node->declare_parameter("abnormal_check_count");\n'}
[16.718662] (ydlidar_ros2_driver) StderrLine: {'line': b'      |   ~~~~~~~~~~~~~~~~~~~~~~~^~~~~~~~~~~~~~~~~~~~~~~~\n'}
[16.719265] (ydlidar_ros2_driver) StderrLine: {'line': b'In file included from /opt/ros/humble/include/rclcpp/rclcpp/executors/single_threaded_executor.hpp:28,\n'}
[16.719840] (ydlidar_ros2_driver) StderrLine: {'line': b'                 from /opt/ros/humble/include/rclcpp/rclcpp/executors.hpp:22,\n'}
[16.720408] (ydlidar_ros2_driver) StderrLine: {'line': b'                 from /opt/ros/humble/include/rclcpp/rclcpp/rclcpp.hpp:155,\n'}
[16.720968] (ydlidar_ros2_driver) StderrLine: {'line': b'                 from /root/robot1_ws/src/ydlidar_ros2_driver/src/ydlidar_ros2_driver_node.cpp:23:\n'}
[16.721748] (ydlidar_ros2_driver) StderrLine: {'line': b'/opt/ros/humble/include/rclcpp/rclcpp/node.hpp:366:3: note: candidate: \xe2\x80\x98const rclcpp::ParameterValue& rclcpp::Node::declare_parameter(const string&, const rclcpp::ParameterValue&, const ParameterDescriptor&, bool)\xe2\x80\x99\n'}
[16.722343] (ydlidar_ros2_driver) StderrLine: {'line': b'  366 |   declare_parameter(\n'}
[16.722952] (ydlidar_ros2_driver) StderrLine: {'line': b'      |   ^~~~~~~~~~~~~~~~~\n'}
[16.723561] (ydlidar_ros2_driver) StderrLine: {'line': b'/opt/ros/humble/include/rclcpp/rclcpp/node.hpp:366:3: note:   candidate expects 4 arguments, 1 provided\n'}
[16.724189] (ydlidar_ros2_driver) StderrLine: {'line': b'/opt/ros/humble/include/rclcpp/rclcpp/node.hpp:391:3: note: candidate: \xe2\x80\x98const rclcpp::ParameterValue& rclcpp::Node::declare_parameter(const string&, rclcpp::ParameterType, const ParameterDescriptor&, bool)\xe2\x80\x99\n'}
[16.724865] (ydlidar_ros2_driver) StderrLine: {'line': b'  391 |   declare_parameter(\n'}
[16.725704] (ydlidar_ros2_driver) StderrLine: {'line': b'      |   ^~~~~~~~~~~~~~~~~\n'}
[16.726387] (ydlidar_ros2_driver) StderrLine: {'line': b'/opt/ros/humble/include/rclcpp/rclcpp/node.hpp:391:3: note:   candidate expects 4 arguments, 1 provided\n'}
[16.726979] (ydlidar_ros2_driver) StderrLine: {'line': b'/root/robot1_ws/src/ydlidar_ros2_driver/src/ydlidar_ros2_driver_node.cpp:88:26: error: no matching function for call to \xe2\x80\x98rclcpp::Node::declare_parameter(const char [14])\xe2\x80\x99\n'}
[16.727551] (ydlidar_ros2_driver) StderrLine: {'line': b'   88 |   node->declare_parameter("intensity_bit");\n'}
[16.728159] (ydlidar_ros2_driver) StderrLine: {'line': b'      |   ~~~~~~~~~~~~~~~~~~~~~~~^~~~~~~~~~~~~~~~~\n'}
[16.728821] (ydlidar_ros2_driver) StderrLine: {'line': b'In file included from /opt/ros/humble/include/rclcpp/rclcpp/executors/single_threaded_executor.hpp:28,\n'}
[16.729639] (ydlidar_ros2_driver) StderrLine: {'line': b'                 from /opt/ros/humble/include/rclcpp/rclcpp/executors.hpp:22,\n'}
[16.730338] (ydlidar_ros2_driver) StderrLine: {'line': b'                 from /opt/ros/humble/include/rclcpp/rclcpp/rclcpp.hpp:155,\n'}
[16.731051] (ydlidar_ros2_driver) StderrLine: {'line': b'                 from /root/robot1_ws/src/ydlidar_ros2_driver/src/ydlidar_ros2_driver_node.cpp:23:\n'}
[16.731782] (ydlidar_ros2_driver) StderrLine: {'line': b'/opt/ros/humble/include/rclcpp/rclcpp/node.hpp:421:3: note: candidate: \xe2\x80\x98template<class ParameterT> auto rclcpp::Node::declare_parameter(const string&, const ParameterT&, const ParameterDescriptor&, bool)\xe2\x80\x99\n'}
[16.732518] (ydlidar_ros2_driver) StderrLine: {'line': b'  421 |   declare_parameter(\n'}
[16.733331] (ydlidar_ros2_driver) StderrLine: {'line': b'      |   ^~~~~~~~~~~~~~~~~\n'}
[16.734034] (ydlidar_ros2_driver) StderrLine: {'line': b'/opt/ros/humble/include/rclcpp/rclcpp/node.hpp:421:3: note:   template argument deduction/substitution failed:\n'}
[16.734752] (ydlidar_ros2_driver) StderrLine: {'line': b'/root/robot1_ws/src/ydlidar_ros2_driver/src/ydlidar_ros2_driver_node.cpp:88:26: note:   candidate expects 4 arguments, 1 provided\n'}
[16.735492] (ydlidar_ros2_driver) StderrLine: {'line': b'   88 |   node->declare_parameter("intensity_bit");\n'}
[16.736957] (ydlidar_ros2_driver) StderrLine: {'line': b'      |   ~~~~~~~~~~~~~~~~~~~~~~~^~~~~~~~~~~~~~~~~\n'}
[16.737821] (ydlidar_ros2_driver) StderrLine: {'line': b'In file included from /opt/ros/humble/include/rclcpp/rclcpp/executors/single_threaded_executor.hpp:28,\n'}
[16.738532] (ydlidar_ros2_driver) StderrLine: {'line': b'                 from /opt/ros/humble/include/rclcpp/rclcpp/executors.hpp:22,\n'}
[16.739215] (ydlidar_ros2_driver) StderrLine: {'line': b'                 from /opt/ros/humble/include/rclcpp/rclcpp/rclcpp.hpp:155,\n'}
[16.739898] (ydlidar_ros2_driver) StderrLine: {'line': b'                 from /root/robot1_ws/src/ydlidar_ros2_driver/src/ydlidar_ros2_driver_node.cpp:23:\n'}
[16.740579] (ydlidar_ros2_driver) StderrLine: {'line': b'/opt/ros/humble/include/rclcpp/rclcpp/node.hpp:434:3: note: candidate: \xe2\x80\x98template<class ParameterT> auto rclcpp::Node::declare_parameter(const string&, const ParameterDescriptor&, bool)\xe2\x80\x99\n'}
[16.741415] (ydlidar_ros2_driver) StderrLine: {'line': b'  434 |   declare_parameter(\n'}
[16.742089] (ydlidar_ros2_driver) StderrLine: {'line': b'      |   ^~~~~~~~~~~~~~~~~\n'}
[16.742766] (ydlidar_ros2_driver) StderrLine: {'line': b'/opt/ros/humble/include/rclcpp/rclcpp/node.hpp:434:3: note:   template argument deduction/substitution failed:\n'}
[16.743460] (ydlidar_ros2_driver) StderrLine: {'line': b'/root/robot1_ws/src/ydlidar_ros2_driver/src/ydlidar_ros2_driver_node.cpp:88:26: note:   couldn\xe2\x80\x99t deduce template parameter \xe2\x80\x98ParameterT\xe2\x80\x99\n'}
[16.744134] (ydlidar_ros2_driver) StderrLine: {'line': b'   88 |   node->declare_parameter("intensity_bit");\n'}
[16.744803] (ydlidar_ros2_driver) StderrLine: {'line': b'      |   ~~~~~~~~~~~~~~~~~~~~~~~^~~~~~~~~~~~~~~~~\n'}
[16.745665] (ydlidar_ros2_driver) StderrLine: {'line': b'In file included from /opt/ros/humble/include/rclcpp/rclcpp/executors/single_threaded_executor.hpp:28,\n'}
[16.746405] (ydlidar_ros2_driver) StderrLine: {'line': b'                 from /opt/ros/humble/include/rclcpp/rclcpp/executors.hpp:22,\n'}
[16.747102] (ydlidar_ros2_driver) StderrLine: {'line': b'                 from /opt/ros/humble/include/rclcpp/rclcpp/rclcpp.hpp:155,\n'}
[16.747795] (ydlidar_ros2_driver) StderrLine: {'line': b'                 from /root/robot1_ws/src/ydlidar_ros2_driver/src/ydlidar_ros2_driver_node.cpp:23:\n'}
[16.748559] (ydlidar_ros2_driver) StderrLine: {'line': b'/opt/ros/humble/include/rclcpp/rclcpp/node.hpp:366:3: note: candidate: \xe2\x80\x98const rclcpp::ParameterValue& rclcpp::Node::declare_parameter(const string&, const rclcpp::ParameterValue&, const ParameterDescriptor&, bool)\xe2\x80\x99\n'}
[16.749455] (ydlidar_ros2_driver) StderrLine: {'line': b'  366 |   declare_parameter(\n'}
[16.750217] (ydlidar_ros2_driver) StderrLine: {'line': b'      |   ^~~~~~~~~~~~~~~~~\n'}
[16.750952] (ydlidar_ros2_driver) StderrLine: {'line': b'/opt/ros/humble/include/rclcpp/rclcpp/node.hpp:366:3: note:   candidate expects 4 arguments, 1 provided\n'}
[16.751686] (ydlidar_ros2_driver) StderrLine: {'line': b'/opt/ros/humble/include/rclcpp/rclcpp/node.hpp:391:3: note: candidate: \xe2\x80\x98const rclcpp::ParameterValue& rclcpp::Node::declare_parameter(const string&, rclcpp::ParameterType, const ParameterDescriptor&, bool)\xe2\x80\x99\n'}
[16.752418] (ydlidar_ros2_driver) StderrLine: {'line': b'  391 |   declare_parameter(\n'}
[16.753222] (ydlidar_ros2_driver) StderrLine: {'line': b'      |   ^~~~~~~~~~~~~~~~~\n'}
[16.754022] (ydlidar_ros2_driver) StderrLine: {'line': b'/opt/ros/humble/include/rclcpp/rclcpp/node.hpp:391:3: note:   candidate expects 4 arguments, 1 provided\n'}
[16.754738] (ydlidar_ros2_driver) StderrLine: {'line': b'/root/robot1_ws/src/ydlidar_ros2_driver/src/ydlidar_ros2_driver_node.cpp:95:26: error: no matching function for call to \xe2\x80\x98rclcpp::Node::declare_parameter(const char [17])\xe2\x80\x99\n'}
[16.755483] (ydlidar_ros2_driver) StderrLine: {'line': b'   95 |   node->declare_parameter("fixed_resolution");\n'}
[16.756187] (ydlidar_ros2_driver) StderrLine: {'line': b'      |   ~~~~~~~~~~~~~~~~~~~~~~~^~~~~~~~~~~~~~~~~~~~\n'}
[16.756911] (ydlidar_ros2_driver) StderrLine: {'line': b'In file included from /opt/ros/humble/include/rclcpp/rclcpp/executors/single_threaded_executor.hpp:28,\n'}
[16.757779] (ydlidar_ros2_driver) StderrLine: {'line': b'                 from /opt/ros/humble/include/rclcpp/rclcpp/executors.hpp:22,\n'}
[16.758524] (ydlidar_ros2_driver) StderrLine: {'line': b'                 from /opt/ros/humble/include/rclcpp/rclcpp/rclcpp.hpp:155,\n'}
[16.759273] (ydlidar_ros2_driver) StderrLine: {'line': b'                 from /root/robot1_ws/src/ydlidar_ros2_driver/src/ydlidar_ros2_driver_node.cpp:23:\n'}
[16.760001] (ydlidar_ros2_driver) StderrLine: {'line': b'/opt/ros/humble/include/rclcpp/rclcpp/node.hpp:421:3: note: candidate: \xe2\x80\x98template<class ParameterT> auto rclcpp::Node::declare_parameter(const string&, const ParameterT&, const ParameterDescriptor&, bool)\xe2\x80\x99\n'}
[16.760798] (ydlidar_ros2_driver) StderrLine: {'line': b'  421 |   declare_parameter(\n'}
[16.761642] (ydlidar_ros2_driver) StderrLine: {'line': b'      |   ^~~~~~~~~~~~~~~~~\n'}
[16.762388] (ydlidar_ros2_driver) StderrLine: {'line': b'/opt/ros/humble/include/rclcpp/rclcpp/node.hpp:421:3: note:   template argument deduction/substitution failed:\n'}
[16.763126] (ydlidar_ros2_driver) StderrLine: {'line': b'/root/robot1_ws/src/ydlidar_ros2_driver/src/ydlidar_ros2_driver_node.cpp:95:26: note:   candidate expects 4 arguments, 1 provided\n'}
[16.763774] (ydlidar_ros2_driver) StderrLine: {'line': b'   95 |   node->declare_parameter("fixed_resolution");\n'}
[16.764339] (ydlidar_ros2_driver) StderrLine: {'line': b'      |   ~~~~~~~~~~~~~~~~~~~~~~~^~~~~~~~~~~~~~~~~~~~\n'}
[16.764883] (ydlidar_ros2_driver) StderrLine: {'line': b'In file included from /opt/ros/humble/include/rclcpp/rclcpp/executors/single_threaded_executor.hpp:28,\n'}
[16.765556] (ydlidar_ros2_driver) StderrLine: {'line': b'                 from /opt/ros/humble/include/rclcpp/rclcpp/executors.hpp:22,\n'}
[16.766168] (ydlidar_ros2_driver) StderrLine: {'line': b'                 from /opt/ros/humble/include/rclcpp/rclcpp/rclcpp.hpp:155,\n'}
[16.766755] (ydlidar_ros2_driver) StderrLine: {'line': b'                 from /root/robot1_ws/src/ydlidar_ros2_driver/src/ydlidar_ros2_driver_node.cpp:23:\n'}
[16.767333] (ydlidar_ros2_driver) StderrLine: {'line': b'/opt/ros/humble/include/rclcpp/rclcpp/node.hpp:434:3: note: candidate: \xe2\x80\x98template<class ParameterT> auto rclcpp::Node::declare_parameter(const string&, const ParameterDescriptor&, bool)\xe2\x80\x99\n'}
[16.767892] (ydlidar_ros2_driver) StderrLine: {'line': b'  434 |   declare_parameter(\n'}
[16.768423] (ydlidar_ros2_driver) StderrLine: {'line': b'      |   ^~~~~~~~~~~~~~~~~\n'}
[16.768980] (ydlidar_ros2_driver) StderrLine: {'line': b'/opt/ros/humble/include/rclcpp/rclcpp/node.hpp:434:3: note:   template argument deduction/substitution failed:\n'}
[16.769706] (ydlidar_ros2_driver) StderrLine: {'line': b'/root/robot1_ws/src/ydlidar_ros2_driver/src/ydlidar_ros2_driver_node.cpp:95:26: note:   couldn\xe2\x80\x99t deduce template parameter \xe2\x80\x98ParameterT\xe2\x80\x99\n'}
[16.770317] (ydlidar_ros2_driver) StderrLine: {'line': b'   95 |   node->declare_parameter("fixed_resolution");\n'}
[16.770948] (ydlidar_ros2_driver) StderrLine: {'line': b'      |   ~~~~~~~~~~~~~~~~~~~~~~~^~~~~~~~~~~~~~~~~~~~\n'}
[16.771647] (ydlidar_ros2_driver) StderrLine: {'line': b'In file included from /opt/ros/humble/include/rclcpp/rclcpp/executors/single_threaded_executor.hpp:28,\n'}
[16.772363] (ydlidar_ros2_driver) StderrLine: {'line': b'                 from /opt/ros/humble/include/rclcpp/rclcpp/executors.hpp:22,\n'}
[16.773158] (ydlidar_ros2_driver) StderrLine: {'line': b'                 from /opt/ros/humble/include/rclcpp/rclcpp/rclcpp.hpp:155,\n'}
[16.773957] (ydlidar_ros2_driver) StderrLine: {'line': b'                 from /root/robot1_ws/src/ydlidar_ros2_driver/src/ydlidar_ros2_driver_node.cpp:23:\n'}
[16.774706] (ydlidar_ros2_driver) StderrLine: {'line': b'/opt/ros/humble/include/rclcpp/rclcpp/node.hpp:366:3: note: candidate: \xe2\x80\x98const rclcpp::ParameterValue& rclcpp::Node::declare_parameter(const string&, const rclcpp::ParameterValue&, const ParameterDescriptor&, bool)\xe2\x80\x99\n'}
[16.775483] (ydlidar_ros2_driver) StderrLine: {'line': b'  366 |   declare_parameter(\n'}
[16.776205] (ydlidar_ros2_driver) StderrLine: {'line': b'      |   ^~~~~~~~~~~~~~~~~\n'}
[16.776924] (ydlidar_ros2_driver) StderrLine: {'line': b'/opt/ros/humble/include/rclcpp/rclcpp/node.hpp:366:3: note:   candidate expects 4 arguments, 1 provided\n'}
[16.777820] (ydlidar_ros2_driver) StderrLine: {'line': b'/opt/ros/humble/include/rclcpp/rclcpp/node.hpp:391:3: note: candidate: \xe2\x80\x98const rclcpp::ParameterValue& rclcpp::Node::declare_parameter(const string&, rclcpp::ParameterType, const ParameterDescriptor&, bool)\xe2\x80\x99\n'}
[16.778646] (ydlidar_ros2_driver) StderrLine: {'line': b'  391 |   declare_parameter(\n'}
[16.779384] (ydlidar_ros2_driver) StderrLine: {'line': b'      |   ^~~~~~~~~~~~~~~~~\n'}
[16.780116] (ydlidar_ros2_driver) StderrLine: {'line': b'/opt/ros/humble/include/rclcpp/rclcpp/node.hpp:391:3: note:   candidate expects 4 arguments, 1 provided\n'}
[16.780828] (ydlidar_ros2_driver) StderrLine: {'line': b'/root/robot1_ws/src/ydlidar_ros2_driver/src/ydlidar_ros2_driver_node.cpp:100:26: error: no matching function for call to \xe2\x80\x98rclcpp::Node::declare_parameter(const char [10])\xe2\x80\x99\n'}
[16.781678] (ydlidar_ros2_driver) StderrLine: {'line': b'  100 |   node->declare_parameter("reversion");\n'}
[16.782417] (ydlidar_ros2_driver) StderrLine: {'line': b'      |   ~~~~~~~~~~~~~~~~~~~~~~~^~~~~~~~~~~~~\n'}
[16.783150] (ydlidar_ros2_driver) StderrLine: {'line': b'In file included from /opt/ros/humble/include/rclcpp/rclcpp/executors/single_threaded_executor.hpp:28,\n'}
[16.783871] (ydlidar_ros2_driver) StderrLine: {'line': b'                 from /opt/ros/humble/include/rclcpp/rclcpp/executors.hpp:22,\n'}
[16.784587] (ydlidar_ros2_driver) StderrLine: {'line': b'                 from /opt/ros/humble/include/rclcpp/rclcpp/rclcpp.hpp:155,\n'}
[16.785403] (ydlidar_ros2_driver) StderrLine: {'line': b'                 from /root/robot1_ws/src/ydlidar_ros2_driver/src/ydlidar_ros2_driver_node.cpp:23:\n'}
[16.786167] (ydlidar_ros2_driver) StderrLine: {'line': b'/opt/ros/humble/include/rclcpp/rclcpp/node.hpp:421:3: note: candidate: \xe2\x80\x98template<class ParameterT> auto rclcpp::Node::declare_parameter(const string&, const ParameterT&, const ParameterDescriptor&, bool)\xe2\x80\x99\n'}
[16.786916] (ydlidar_ros2_driver) StderrLine: {'line': b'  421 |   declare_parameter(\n'}
[16.787577] (-) TimerEvent: {}
[16.787782] (ydlidar_ros2_driver) StderrLine: {'line': b'      |   ^~~~~~~~~~~~~~~~~\n'}
[16.788486] (ydlidar_ros2_driver) StderrLine: {'line': b'/opt/ros/humble/include/rclcpp/rclcpp/node.hpp:421:3: note:   template argument deduction/substitution failed:\n'}
[16.789286] (ydlidar_ros2_driver) StderrLine: {'line': b'/root/robot1_ws/src/ydlidar_ros2_driver/src/ydlidar_ros2_driver_node.cpp:100:26: note:   candidate expects 4 arguments, 1 provided\n'}
[16.790065] (ydlidar_ros2_driver) StderrLine: {'line': b'  100 |   node->declare_parameter("reversion");\n'}
[16.790789] (ydlidar_ros2_driver) StderrLine: {'line': b'      |   ~~~~~~~~~~~~~~~~~~~~~~~^~~~~~~~~~~~~\n'}
[16.791496] (ydlidar_ros2_driver) StderrLine: {'line': b'In file included from /opt/ros/humble/include/rclcpp/rclcpp/executors/single_threaded_executor.hpp:28,\n'}
[16.792206] (ydlidar_ros2_driver) StderrLine: {'line': b'                 from /opt/ros/humble/include/rclcpp/rclcpp/executors.hpp:22,\n'}
[16.792937] (ydlidar_ros2_driver) StderrLine: {'line': b'                 from /opt/ros/humble/include/rclcpp/rclcpp/rclcpp.hpp:155,\n'}
[16.793760] (ydlidar_ros2_driver) StderrLine: {'line': b'                 from /root/robot1_ws/src/ydlidar_ros2_driver/src/ydlidar_ros2_driver_node.cpp:23:\n'}
[16.794477] (ydlidar_ros2_driver) StderrLine: {'line': b'/opt/ros/humble/include/rclcpp/rclcpp/node.hpp:434:3: note: candidate: \xe2\x80\x98template<class ParameterT> auto rclcpp::Node::declare_parameter(const string&, const ParameterDescriptor&, bool)\xe2\x80\x99\n'}
[16.795202] (ydlidar_ros2_driver) StderrLine: {'line': b'  434 |   declare_parameter(\n'}
[16.795931] (ydlidar_ros2_driver) StderrLine: {'line': b'      |   ^~~~~~~~~~~~~~~~~\n'}
[16.796669] (ydlidar_ros2_driver) StderrLine: {'line': b'/opt/ros/humble/include/rclcpp/rclcpp/node.hpp:434:3: note:   template argument deduction/substitution failed:\n'}
[16.797471] (ydlidar_ros2_driver) StderrLine: {'line': b'/root/robot1_ws/src/ydlidar_ros2_driver/src/ydlidar_ros2_driver_node.cpp:100:26: note:   couldn\xe2\x80\x99t deduce template parameter \xe2\x80\x98ParameterT\xe2\x80\x99\n'}
[16.798199] (ydlidar_ros2_driver) StderrLine: {'line': b'  100 |   node->declare_parameter("reversion");\n'}
[16.798961] (ydlidar_ros2_driver) StderrLine: {'line': b'      |   ~~~~~~~~~~~~~~~~~~~~~~~^~~~~~~~~~~~~\n'}
[16.799703] (ydlidar_ros2_driver) StderrLine: {'line': b'In file included from /opt/ros/humble/include/rclcpp/rclcpp/executors/single_threaded_executor.hpp:28,\n'}
[16.800457] (ydlidar_ros2_driver) StderrLine: {'line': b'                 from /opt/ros/humble/include/rclcpp/rclcpp/executors.hpp:22,\n'}
[16.801237] (ydlidar_ros2_driver) StderrLine: {'line': b'                 from /opt/ros/humble/include/rclcpp/rclcpp/rclcpp.hpp:155,\n'}
[16.801978] (ydlidar_ros2_driver) StderrLine: {'line': b'                 from /root/robot1_ws/src/ydlidar_ros2_driver/src/ydlidar_ros2_driver_node.cpp:23:\n'}
[16.802699] (ydlidar_ros2_driver) StderrLine: {'line': b'/opt/ros/humble/include/rclcpp/rclcpp/node.hpp:366:3: note: candidate: \xe2\x80\x98const rclcpp::ParameterValue& rclcpp::Node::declare_parameter(const string&, const rclcpp::ParameterValue&, const ParameterDescriptor&, bool)\xe2\x80\x99\n'}
[16.803458] (ydlidar_ros2_driver) StderrLine: {'line': b'  366 |   declare_parameter(\n'}
[16.804203] (ydlidar_ros2_driver) StderrLine: {'line': b'      |   ^~~~~~~~~~~~~~~~~\n'}
[16.804913] (ydlidar_ros2_driver) StderrLine: {'line': b'/opt/ros/humble/include/rclcpp/rclcpp/node.hpp:366:3: note:   candidate expects 4 arguments, 1 provided\n'}
[16.805748] (ydlidar_ros2_driver) StderrLine: {'line': b'/opt/ros/humble/include/rclcpp/rclcpp/node.hpp:391:3: note: candidate: \xe2\x80\x98const rclcpp::ParameterValue& rclcpp::Node::declare_parameter(const string&, rclcpp::ParameterType, const ParameterDescriptor&, bool)\xe2\x80\x99\n'}
[16.806517] (ydlidar_ros2_driver) StderrLine: {'line': b'  391 |   declare_parameter(\n'}
[16.807276] (ydlidar_ros2_driver) StderrLine: {'line': b'      |   ^~~~~~~~~~~~~~~~~\n'}
[16.807990] (ydlidar_ros2_driver) StderrLine: {'line': b'/opt/ros/humble/include/rclcpp/rclcpp/node.hpp:391:3: note:   candidate expects 4 arguments, 1 provided\n'}
[16.808732] (ydlidar_ros2_driver) StderrLine: {'line': b'/root/robot1_ws/src/ydlidar_ros2_driver/src/ydlidar_ros2_driver_node.cpp:105:26: error: no matching function for call to \xe2\x80\x98rclcpp::Node::declare_parameter(const char [9])\xe2\x80\x99\n'}
[16.809585] (ydlidar_ros2_driver) StderrLine: {'line': b'  105 |   node->declare_parameter("inverted");\n'}
[16.810279] (ydlidar_ros2_driver) StderrLine: {'line': b'      |   ~~~~~~~~~~~~~~~~~~~~~~~^~~~~~~~~~~~\n'}
[16.810995] (ydlidar_ros2_driver) StderrLine: {'line': b'In file included from /opt/ros/humble/include/rclcpp/rclcpp/executors/single_threaded_executor.hpp:28,\n'}
[16.811687] (ydlidar_ros2_driver) StderrLine: {'line': b'                 from /opt/ros/humble/include/rclcpp/rclcpp/executors.hpp:22,\n'}
[16.812360] (ydlidar_ros2_driver) StderrLine: {'line': b'                 from /opt/ros/humble/include/rclcpp/rclcpp/rclcpp.hpp:155,\n'}
[16.813132] (ydlidar_ros2_driver) StderrLine: {'line': b'                 from /root/robot1_ws/src/ydlidar_ros2_driver/src/ydlidar_ros2_driver_node.cpp:23:\n'}
[16.813893] (ydlidar_ros2_driver) StderrLine: {'line': b'/opt/ros/humble/include/rclcpp/rclcpp/node.hpp:421:3: note: candidate: \xe2\x80\x98template<class ParameterT> auto rclcpp::Node::declare_parameter(const string&, const ParameterT&, const ParameterDescriptor&, bool)\xe2\x80\x99\n'}
[16.814606] (ydlidar_ros2_driver) StderrLine: {'line': b'  421 |   declare_parameter(\n'}
[16.815311] (ydlidar_ros2_driver) StderrLine: {'line': b'      |   ^~~~~~~~~~~~~~~~~\n'}
[16.816027] (ydlidar_ros2_driver) StderrLine: {'line': b'/opt/ros/humble/include/rclcpp/rclcpp/node.hpp:421:3: note:   template argument deduction/substitution failed:\n'}
[16.816755] (ydlidar_ros2_driver) StderrLine: {'line': b'/root/robot1_ws/src/ydlidar_ros2_driver/src/ydlidar_ros2_driver_node.cpp:105:26: note:   candidate expects 4 arguments, 1 provided\n'}
[16.817561] (ydlidar_ros2_driver) StderrLine: {'line': b'  105 |   node->declare_parameter("inverted");\n'}
[16.818281] (ydlidar_ros2_driver) StderrLine: {'line': b'      |   ~~~~~~~~~~~~~~~~~~~~~~~^~~~~~~~~~~~\n'}
[16.819054] (ydlidar_ros2_driver) StderrLine: {'line': b'In file included from /opt/ros/humble/include/rclcpp/rclcpp/executors/single_threaded_executor.hpp:28,\n'}
[16.819797] (ydlidar_ros2_driver) StderrLine: {'line': b'                 from /opt/ros/humble/include/rclcpp/rclcpp/executors.hpp:22,\n'}
[16.820530] (ydlidar_ros2_driver) StderrLine: {'line': b'                 from /opt/ros/humble/include/rclcpp/rclcpp/rclcpp.hpp:155,\n'}
[16.821324] (ydlidar_ros2_driver) StderrLine: {'line': b'                 from /root/robot1_ws/src/ydlidar_ros2_driver/src/ydlidar_ros2_driver_node.cpp:23:\n'}
[16.822091] (ydlidar_ros2_driver) StderrLine: {'line': b'/opt/ros/humble/include/rclcpp/rclcpp/node.hpp:434:3: note: candidate: \xe2\x80\x98template<class ParameterT> auto rclcpp::Node::declare_parameter(const string&, const ParameterDescriptor&, bool)\xe2\x80\x99\n'}
[16.822822] (ydlidar_ros2_driver) StderrLine: {'line': b'  434 |   declare_parameter(\n'}
[16.823537] (ydlidar_ros2_driver) StderrLine: {'line': b'      |   ^~~~~~~~~~~~~~~~~\n'}
[16.824265] (ydlidar_ros2_driver) StderrLine: {'line': b'/opt/ros/humble/include/rclcpp/rclcpp/node.hpp:434:3: note:   template argument deduction/substitution failed:\n'}
[16.825034] (ydlidar_ros2_driver) StderrLine: {'line': b'/root/robot1_ws/src/ydlidar_ros2_driver/src/ydlidar_ros2_driver_node.cpp:105:26: note:   couldn\xe2\x80\x99t deduce template parameter \xe2\x80\x98ParameterT\xe2\x80\x99\n'}
[16.825812] (ydlidar_ros2_driver) StderrLine: {'line': b'  105 |   node->declare_parameter("inverted");\n'}
[16.826533] (ydlidar_ros2_driver) StderrLine: {'line': b'      |   ~~~~~~~~~~~~~~~~~~~~~~~^~~~~~~~~~~~\n'}
[16.827247] (ydlidar_ros2_driver) StderrLine: {'line': b'In file included from /opt/ros/humble/include/rclcpp/rclcpp/executors/single_threaded_executor.hpp:28,\n'}
[16.827981] (ydlidar_ros2_driver) StderrLine: {'line': b'                 from /opt/ros/humble/include/rclcpp/rclcpp/executors.hpp:22,\n'}
[16.828716] (ydlidar_ros2_driver) StderrLine: {'line': b'                 from /opt/ros/humble/include/rclcpp/rclcpp/rclcpp.hpp:155,\n'}
[16.829499] (ydlidar_ros2_driver) StderrLine: {'line': b'                 from /root/robot1_ws/src/ydlidar_ros2_driver/src/ydlidar_ros2_driver_node.cpp:23:\n'}
[16.830232] (ydlidar_ros2_driver) StderrLine: {'line': b'/opt/ros/humble/include/rclcpp/rclcpp/node.hpp:366:3: note: candidate: \xe2\x80\x98const rclcpp::ParameterValue& rclcpp::Node::declare_parameter(const string&, const rclcpp::ParameterValue&, const ParameterDescriptor&, bool)\xe2\x80\x99\n'}
[16.830976] (ydlidar_ros2_driver) StderrLine: {'line': b'  366 |   declare_parameter(\n'}
[16.831706] (ydlidar_ros2_driver) StderrLine: {'line': b'      |   ^~~~~~~~~~~~~~~~~\n'}
[16.832410] (ydlidar_ros2_driver) StderrLine: {'line': b'/opt/ros/humble/include/rclcpp/rclcpp/node.hpp:366:3: note:   candidate expects 4 arguments, 1 provided\n'}
[16.833172] (ydlidar_ros2_driver) StderrLine: {'line': b'/opt/ros/humble/include/rclcpp/rclcpp/node.hpp:391:3: note: candidate: \xe2\x80\x98const rclcpp::ParameterValue& rclcpp::Node::declare_parameter(const string&, rclcpp::ParameterType, const ParameterDescriptor&, bool)\xe2\x80\x99\n'}
[16.833962] (ydlidar_ros2_driver) StderrLine: {'line': b'  391 |   declare_parameter(\n'}
[16.834701] (ydlidar_ros2_driver) StderrLine: {'line': b'      |   ^~~~~~~~~~~~~~~~~\n'}
[16.835422] (ydlidar_ros2_driver) StderrLine: {'line': b'/opt/ros/humble/include/rclcpp/rclcpp/node.hpp:391:3: note:   candidate expects 4 arguments, 1 provided\n'}
[16.836133] (ydlidar_ros2_driver) StderrLine: {'line': b'/root/robot1_ws/src/ydlidar_ros2_driver/src/ydlidar_ros2_driver_node.cpp:109:26: error: no matching function for call to \xe2\x80\x98rclcpp::Node::declare_parameter(const char [15])\xe2\x80\x99\n'}
[16.836861] (ydlidar_ros2_driver) StderrLine: {'line': b'  109 |   node->declare_parameter("auto_reconnect");\n'}
[16.837676] (ydlidar_ros2_driver) StderrLine: {'line': b'      |   ~~~~~~~~~~~~~~~~~~~~~~~^~~~~~~~~~~~~~~~~~\n'}
[16.838411] (ydlidar_ros2_driver) StderrLine: {'line': b'In file included from /opt/ros/humble/include/rclcpp/rclcpp/executors/single_threaded_executor.hpp:28,\n'}
[16.839210] (ydlidar_ros2_driver) StderrLine: {'line': b'                 from /opt/ros/humble/include/rclcpp/rclcpp/executors.hpp:22,\n'}
[16.839940] (ydlidar_ros2_driver) StderrLine: {'line': b'                 from /opt/ros/humble/include/rclcpp/rclcpp/rclcpp.hpp:155,\n'}
[16.840689] (ydlidar_ros2_driver) StderrLine: {'line': b'                 from /root/robot1_ws/src/ydlidar_ros2_driver/src/ydlidar_ros2_driver_node.cpp:23:\n'}
[16.841505] (ydlidar_ros2_driver) StderrLine: {'line': b'/opt/ros/humble/include/rclcpp/rclcpp/node.hpp:421:3: note: candidate: \xe2\x80\x98template<class ParameterT> auto rclcpp::Node::declare_parameter(const string&, const ParameterT&, const ParameterDescriptor&, bool)\xe2\x80\x99\n'}
[16.842236] (ydlidar_ros2_driver) StderrLine: {'line': b'  421 |   declare_parameter(\n'}
[16.842955] (ydlidar_ros2_driver) StderrLine: {'line': b'      |   ^~~~~~~~~~~~~~~~~\n'}
[16.843689] (ydlidar_ros2_driver) StderrLine: {'line': b'/opt/ros/humble/include/rclcpp/rclcpp/node.hpp:421:3: note:   template argument deduction/substitution failed:\n'}
[16.844470] (ydlidar_ros2_driver) StderrLine: {'line': b'/root/robot1_ws/src/ydlidar_ros2_driver/src/ydlidar_ros2_driver_node.cpp:109:26: note:   candidate expects 4 arguments, 1 provided\n'}
[16.845249] (ydlidar_ros2_driver) StderrLine: {'line': b'  109 |   node->declare_parameter("auto_reconnect");\n'}
[16.845995] (ydlidar_ros2_driver) StderrLine: {'line': b'      |   ~~~~~~~~~~~~~~~~~~~~~~~^~~~~~~~~~~~~~~~~~\n'}
[16.846709] (ydlidar_ros2_driver) StderrLine: {'line': b'In file included from /opt/ros/humble/include/rclcpp/rclcpp/executors/single_threaded_executor.hpp:28,\n'}
[16.847461] (ydlidar_ros2_driver) StderrLine: {'line': b'                 from /opt/ros/humble/include/rclcpp/rclcpp/executors.hpp:22,\n'}
[16.848180] (ydlidar_ros2_driver) StderrLine: {'line': b'                 from /opt/ros/humble/include/rclcpp/rclcpp/rclcpp.hpp:155,\n'}
[16.848901] (ydlidar_ros2_driver) StderrLine: {'line': b'                 from /root/robot1_ws/src/ydlidar_ros2_driver/src/ydlidar_ros2_driver_node.cpp:23:\n'}
[16.849698] (ydlidar_ros2_driver) StderrLine: {'line': b'/opt/ros/humble/include/rclcpp/rclcpp/node.hpp:434:3: note: candidate: \xe2\x80\x98template<class ParameterT> auto rclcpp::Node::declare_parameter(const string&, const ParameterDescriptor&, bool)\xe2\x80\x99\n'}
[16.850452] (ydlidar_ros2_driver) StderrLine: {'line': b'  434 |   declare_parameter(\n'}
[16.851170] (ydlidar_ros2_driver) StderrLine: {'line': b'      |   ^~~~~~~~~~~~~~~~~\n'}
[16.851867] (ydlidar_ros2_driver) StderrLine: {'line': b'/opt/ros/humble/include/rclcpp/rclcpp/node.hpp:434:3: note:   template argument deduction/substitution failed:\n'}
[16.852588] (ydlidar_ros2_driver) StderrLine: {'line': b'/root/robot1_ws/src/ydlidar_ros2_driver/src/ydlidar_ros2_driver_node.cpp:109:26: note:   couldn\xe2\x80\x99t deduce template parameter \xe2\x80\x98ParameterT\xe2\x80\x99\n'}
[16.853383] (ydlidar_ros2_driver) StderrLine: {'line': b'  109 |   node->declare_parameter("auto_reconnect");\n'}
[16.854157] (ydlidar_ros2_driver) StderrLine: {'line': b'      |   ~~~~~~~~~~~~~~~~~~~~~~~^~~~~~~~~~~~~~~~~~\n'}
[16.854918] (ydlidar_ros2_driver) StderrLine: {'line': b'In file included from /opt/ros/humble/include/rclcpp/rclcpp/executors/single_threaded_executor.hpp:28,\n'}
[16.855671] (ydlidar_ros2_driver) StderrLine: {'line': b'                 from /opt/ros/humble/include/rclcpp/rclcpp/executors.hpp:22,\n'}
[16.856423] (ydlidar_ros2_driver) StderrLine: {'line': b'                 from /opt/ros/humble/include/rclcpp/rclcpp/rclcpp.hpp:155,\n'}
[16.857197] (ydlidar_ros2_driver) StderrLine: {'line': b'                 from /root/robot1_ws/src/ydlidar_ros2_driver/src/ydlidar_ros2_driver_node.cpp:23:\n'}
[16.857980] (ydlidar_ros2_driver) StderrLine: {'line': b'/opt/ros/humble/include/rclcpp/rclcpp/node.hpp:366:3: note: candidate: \xe2\x80\x98const rclcpp::ParameterValue& rclcpp::Node::declare_parameter(const string&, const rclcpp::ParameterValue&, const ParameterDescriptor&, bool)\xe2\x80\x99\n'}
[16.858797] (ydlidar_ros2_driver) StderrLine: {'line': b'  366 |   declare_parameter(\n'}
[16.859538] (ydlidar_ros2_driver) StderrLine: {'line': b'      |   ^~~~~~~~~~~~~~~~~\n'}
[16.860296] (ydlidar_ros2_driver) StderrLine: {'line': b'/opt/ros/humble/include/rclcpp/rclcpp/node.hpp:366:3: note:   candidate expects 4 arguments, 1 provided\n'}
[16.861085] (ydlidar_ros2_driver) StderrLine: {'line': b'/opt/ros/humble/include/rclcpp/rclcpp/node.hpp:391:3: note: candidate: \xe2\x80\x98const rclcpp::ParameterValue& rclcpp::Node::declare_parameter(const string&, rclcpp::ParameterType, const ParameterDescriptor&, bool)\xe2\x80\x99\n'}
[16.861891] (ydlidar_ros2_driver) StderrLine: {'line': b'  391 |   declare_parameter(\n'}
[16.862660] (ydlidar_ros2_driver) StderrLine: {'line': b'      |   ^~~~~~~~~~~~~~~~~\n'}
[16.863407] (ydlidar_ros2_driver) StderrLine: {'line': b'/opt/ros/humble/include/rclcpp/rclcpp/node.hpp:391:3: note:   candidate expects 4 arguments, 1 provided\n'}
[16.864152] (ydlidar_ros2_driver) StderrLine: {'line': b'/root/robot1_ws/src/ydlidar_ros2_driver/src/ydlidar_ros2_driver_node.cpp:114:26: error: no matching function for call to \xe2\x80\x98rclcpp::Node::declare_parameter(const char [16])\xe2\x80\x99\n'}
[16.864897] (ydlidar_ros2_driver) StderrLine: {'line': b'  114 |   node->declare_parameter("isSingleChannel");\n'}
[16.865714] (ydlidar_ros2_driver) StderrLine: {'line': b'      |   ~~~~~~~~~~~~~~~~~~~~~~~^~~~~~~~~~~~~~~~~~~\n'}
[16.866453] (ydlidar_ros2_driver) StderrLine: {'line': b'In file included from /opt/ros/humble/include/rclcpp/rclcpp/executors/single_threaded_executor.hpp:28,\n'}
[16.867166] (ydlidar_ros2_driver) StderrLine: {'line': b'                 from /opt/ros/humble/include/rclcpp/rclcpp/executors.hpp:22,\n'}
[16.867900] (ydlidar_ros2_driver) StderrLine: {'line': b'                 from /opt/ros/humble/include/rclcpp/rclcpp/rclcpp.hpp:155,\n'}
[16.868631] (ydlidar_ros2_driver) StderrLine: {'line': b'                 from /root/robot1_ws/src/ydlidar_ros2_driver/src/ydlidar_ros2_driver_node.cpp:23:\n'}
[16.869413] (ydlidar_ros2_driver) StderrLine: {'line': b'/opt/ros/humble/include/rclcpp/rclcpp/node.hpp:421:3: note: candidate: \xe2\x80\x98template<class ParameterT> auto rclcpp::Node::declare_parameter(const string&, const ParameterT&, const ParameterDescriptor&, bool)\xe2\x80\x99\n'}
[16.870211] (ydlidar_ros2_driver) StderrLine: {'line': b'  421 |   declare_parameter(\n'}
[16.870955] (ydlidar_ros2_driver) StderrLine: {'line': b'      |   ^~~~~~~~~~~~~~~~~\n'}
[16.871656] (ydlidar_ros2_driver) StderrLine: {'line': b'/opt/ros/humble/include/rclcpp/rclcpp/node.hpp:421:3: note:   template argument deduction/substitution failed:\n'}
[16.872377] (ydlidar_ros2_driver) StderrLine: {'line': b'/root/robot1_ws/src/ydlidar_ros2_driver/src/ydlidar_ros2_driver_node.cpp:114:26: note:   candidate expects 4 arguments, 1 provided\n'}
[16.873143] (ydlidar_ros2_driver) StderrLine: {'line': b'  114 |   node->declare_parameter("isSingleChannel");\n'}
[16.873890] (ydlidar_ros2_driver) StderrLine: {'line': b'      |   ~~~~~~~~~~~~~~~~~~~~~~~^~~~~~~~~~~~~~~~~~~\n'}
[16.874607] (ydlidar_ros2_driver) StderrLine: {'line': b'In file included from /opt/ros/humble/include/rclcpp/rclcpp/executors/single_threaded_executor.hpp:28,\n'}
[16.875301] (ydlidar_ros2_driver) StderrLine: {'line': b'                 from /opt/ros/humble/include/rclcpp/rclcpp/executors.hpp:22,\n'}
[16.875993] (ydlidar_ros2_driver) StderrLine: {'line': b'                 from /opt/ros/humble/include/rclcpp/rclcpp/rclcpp.hpp:155,\n'}
[16.876732] (ydlidar_ros2_driver) StderrLine: {'line': b'                 from /root/robot1_ws/src/ydlidar_ros2_driver/src/ydlidar_ros2_driver_node.cpp:23:\n'}
[16.877519] (ydlidar_ros2_driver) StderrLine: {'line': b'/opt/ros/humble/include/rclcpp/rclcpp/node.hpp:434:3: note: candidate: \xe2\x80\x98template<class ParameterT> auto rclcpp::Node::declare_parameter(const string&, const ParameterDescriptor&, bool)\xe2\x80\x99\n'}
[16.878246] (ydlidar_ros2_driver) StderrLine: {'line': b'  434 |   declare_parameter(\n'}
[16.879019] (ydlidar_ros2_driver) StderrLine: {'line': b'      |   ^~~~~~~~~~~~~~~~~\n'}
[16.879690] (ydlidar_ros2_driver) StderrLine: {'line': b'/opt/ros/humble/include/rclcpp/rclcpp/node.hpp:434:3: note:   template argument deduction/substitution failed:\n'}
[16.880360] (ydlidar_ros2_driver) StderrLine: {'line': b'/root/robot1_ws/src/ydlidar_ros2_driver/src/ydlidar_ros2_driver_node.cpp:114:26: note:   couldn\xe2\x80\x99t deduce template parameter \xe2\x80\x98ParameterT\xe2\x80\x99\n'}
[16.881124] (ydlidar_ros2_driver) StderrLine: {'line': b'  114 |   node->declare_parameter("isSingleChannel");\n'}
[16.881854] (ydlidar_ros2_driver) StderrLine: {'line': b'      |   ~~~~~~~~~~~~~~~~~~~~~~~^~~~~~~~~~~~~~~~~~~\n'}
[16.882589] (ydlidar_ros2_driver) StderrLine: {'line': b'In file included from /opt/ros/humble/include/rclcpp/rclcpp/executors/single_threaded_executor.hpp:28,\n'}
[16.883274] (ydlidar_ros2_driver) StderrLine: {'line': b'                 from /opt/ros/humble/include/rclcpp/rclcpp/executors.hpp:22,\n'}
[16.883929] (ydlidar_ros2_driver) StderrLine: {'line': b'                 from /opt/ros/humble/include/rclcpp/rclcpp/rclcpp.hpp:155,\n'}
[16.884635] (ydlidar_ros2_driver) StderrLine: {'line': b'                 from /root/robot1_ws/src/ydlidar_ros2_driver/src/ydlidar_ros2_driver_node.cpp:23:\n'}
[16.885356] (ydlidar_ros2_driver) StderrLine: {'line': b'/opt/ros/humble/include/rclcpp/rclcpp/node.hpp:366:3: note: candidate: \xe2\x80\x98const rclcpp::ParameterValue& rclcpp::Node::declare_parameter(const string&, const rclcpp::ParameterValue&, const ParameterDescriptor&, bool)\xe2\x80\x99\n'}
[16.886054] (ydlidar_ros2_driver) StderrLine: {'line': b'  366 |   declare_parameter(\n'}
[16.886769] (ydlidar_ros2_driver) StderrLine: {'line': b'      |   ^~~~~~~~~~~~~~~~~\n'}
[16.887506] (ydlidar_ros2_driver) StderrLine: {'line': b'/opt/ros/humble/include/rclcpp/rclcpp/node.hpp:366:3: note:   candidate expects 4 arguments, 1 provided\n'}
[16.888200] (-) TimerEvent: {}
[16.888403] (ydlidar_ros2_driver) StderrLine: {'line': b'/opt/ros/humble/include/rclcpp/rclcpp/node.hpp:391:3: note: candidate: \xe2\x80\x98const rclcpp::ParameterValue& rclcpp::Node::declare_parameter(const string&, rclcpp::ParameterType, const ParameterDescriptor&, bool)\xe2\x80\x99\n'}
[16.889173] (ydlidar_ros2_driver) StderrLine: {'line': b'  391 |   declare_parameter(\n'}
[16.889925] (ydlidar_ros2_driver) StderrLine: {'line': b'      |   ^~~~~~~~~~~~~~~~~\n'}
[16.890638] (ydlidar_ros2_driver) StderrLine: {'line': b'/opt/ros/humble/include/rclcpp/rclcpp/node.hpp:391:3: note:   candidate expects 4 arguments, 1 provided\n'}
[16.891358] (ydlidar_ros2_driver) StderrLine: {'line': b'/root/robot1_ws/src/ydlidar_ros2_driver/src/ydlidar_ros2_driver_node.cpp:119:26: error: no matching function for call to \xe2\x80\x98rclcpp::Node::declare_parameter(const char [10])\xe2\x80\x99\n'}
[16.892071] (ydlidar_ros2_driver) StderrLine: {'line': b'  119 |   node->declare_parameter("intensity");\n'}
[16.892785] (ydlidar_ros2_driver) StderrLine: {'line': b'      |   ~~~~~~~~~~~~~~~~~~~~~~~^~~~~~~~~~~~~\n'}
[16.893574] (ydlidar_ros2_driver) StderrLine: {'line': b'In file included from /opt/ros/humble/include/rclcpp/rclcpp/executors/single_threaded_executor.hpp:28,\n'}
[16.894300] (ydlidar_ros2_driver) StderrLine: {'line': b'                 from /opt/ros/humble/include/rclcpp/rclcpp/executors.hpp:22,\n'}
[16.895014] (ydlidar_ros2_driver) StderrLine: {'line': b'                 from /opt/ros/humble/include/rclcpp/rclcpp/rclcpp.hpp:155,\n'}
[16.895733] (ydlidar_ros2_driver) StderrLine: {'line': b'                 from /root/robot1_ws/src/ydlidar_ros2_driver/src/ydlidar_ros2_driver_node.cpp:23:\n'}
[16.896445] (ydlidar_ros2_driver) StderrLine: {'line': b'/opt/ros/humble/include/rclcpp/rclcpp/node.hpp:421:3: note: candidate: \xe2\x80\x98template<class ParameterT> auto rclcpp::Node::declare_parameter(const string&, const ParameterT&, const ParameterDescriptor&, bool)\xe2\x80\x99\n'}
[16.897221] (ydlidar_ros2_driver) StderrLine: {'line': b'  421 |   declare_parameter(\n'}
[16.898032] (ydlidar_ros2_driver) StderrLine: {'line': b'      |   ^~~~~~~~~~~~~~~~~\n'}
[16.898742] (ydlidar_ros2_driver) StderrLine: {'line': b'/opt/ros/humble/include/rclcpp/rclcpp/node.hpp:421:3: note:   template argument deduction/substitution failed:\n'}
[16.899451] (ydlidar_ros2_driver) StderrLine: {'line': b'/root/robot1_ws/src/ydlidar_ros2_driver/src/ydlidar_ros2_driver_node.cpp:119:26: note:   candidate expects 4 arguments, 1 provided\n'}
[16.900198] (ydlidar_ros2_driver) StderrLine: {'line': b'  119 |   node->declare_parameter("intensity");\n'}
[16.900899] (ydlidar_ros2_driver) StderrLine: {'line': b'      |   ~~~~~~~~~~~~~~~~~~~~~~~^~~~~~~~~~~~~\n'}
[16.901673] (ydlidar_ros2_driver) StderrLine: {'line': b'In file included from /opt/ros/humble/include/rclcpp/rclcpp/executors/single_threaded_executor.hpp:28,\n'}
[16.902374] (ydlidar_ros2_driver) StderrLine: {'line': b'                 from /opt/ros/humble/include/rclcpp/rclcpp/executors.hpp:22,\n'}
[16.903069] (ydlidar_ros2_driver) StderrLine: {'line': b'                 from /opt/ros/humble/include/rclcpp/rclcpp/rclcpp.hpp:155,\n'}
[16.903769] (ydlidar_ros2_driver) StderrLine: {'line': b'                 from /root/robot1_ws/src/ydlidar_ros2_driver/src/ydlidar_ros2_driver_node.cpp:23:\n'}
[16.904453] (ydlidar_ros2_driver) StderrLine: {'line': b'/opt/ros/humble/include/rclcpp/rclcpp/node.hpp:434:3: note: candidate: \xe2\x80\x98template<class ParameterT> auto rclcpp::Node::declare_parameter(const string&, const ParameterDescriptor&, bool)\xe2\x80\x99\n'}
[16.905207] (ydlidar_ros2_driver) StderrLine: {'line': b'  434 |   declare_parameter(\n'}
[16.905941] (ydlidar_ros2_driver) StderrLine: {'line': b'      |   ^~~~~~~~~~~~~~~~~\n'}
[16.906623] (ydlidar_ros2_driver) StderrLine: {'line': b'/opt/ros/humble/include/rclcpp/rclcpp/node.hpp:434:3: note:   template argument deduction/substitution failed:\n'}
[16.907317] (ydlidar_ros2_driver) StderrLine: {'line': b'/root/robot1_ws/src/ydlidar_ros2_driver/src/ydlidar_ros2_driver_node.cpp:119:26: note:   couldn\xe2\x80\x99t deduce template parameter \xe2\x80\x98ParameterT\xe2\x80\x99\n'}
[16.908001] (ydlidar_ros2_driver) StderrLine: {'line': b'  119 |   node->declare_parameter("intensity");\n'}
[16.908678] (ydlidar_ros2_driver) StderrLine: {'line': b'      |   ~~~~~~~~~~~~~~~~~~~~~~~^~~~~~~~~~~~~\n'}
[16.909443] (ydlidar_ros2_driver) StderrLine: {'line': b'In file included from /opt/ros/humble/include/rclcpp/rclcpp/executors/single_threaded_executor.hpp:28,\n'}
[16.910140] (ydlidar_ros2_driver) StderrLine: {'line': b'                 from /opt/ros/humble/include/rclcpp/rclcpp/executors.hpp:22,\n'}
[16.910842] (ydlidar_ros2_driver) StderrLine: {'line': b'                 from /opt/ros/humble/include/rclcpp/rclcpp/rclcpp.hpp:155,\n'}
[16.911572] (ydlidar_ros2_driver) StderrLine: {'line': b'                 from /root/robot1_ws/src/ydlidar_ros2_driver/src/ydlidar_ros2_driver_node.cpp:23:\n'}
[16.912349] (ydlidar_ros2_driver) StderrLine: {'line': b'/opt/ros/humble/include/rclcpp/rclcpp/node.hpp:366:3: note: candidate: \xe2\x80\x98const rclcpp::ParameterValue& rclcpp::Node::declare_parameter(const string&, const rclcpp::ParameterValue&, const ParameterDescriptor&, bool)\xe2\x80\x99\n'}
[16.913093] (ydlidar_ros2_driver) StderrLine: {'line': b'  366 |   declare_parameter(\n'}
[16.913812] (ydlidar_ros2_driver) StderrLine: {'line': b'      |   ^~~~~~~~~~~~~~~~~\n'}
[16.914557] (ydlidar_ros2_driver) StderrLine: {'line': b'/opt/ros/humble/include/rclcpp/rclcpp/node.hpp:366:3: note:   candidate expects 4 arguments, 1 provided\n'}
[16.915279] (ydlidar_ros2_driver) StderrLine: {'line': b'/opt/ros/humble/include/rclcpp/rclcpp/node.hpp:391:3: note: candidate: \xe2\x80\x98const rclcpp::ParameterValue& rclcpp::Node::declare_parameter(const string&, rclcpp::ParameterType, const ParameterDescriptor&, bool)\xe2\x80\x99\n'}
[16.915994] (ydlidar_ros2_driver) StderrLine: {'line': b'  391 |   declare_parameter(\n'}
[16.916725] (ydlidar_ros2_driver) StderrLine: {'line': b'      |   ^~~~~~~~~~~~~~~~~\n'}
[16.917571] (ydlidar_ros2_driver) StderrLine: {'line': b'/opt/ros/humble/include/rclcpp/rclcpp/node.hpp:391:3: note:   candidate expects 4 arguments, 1 provided\n'}
[16.918300] (ydlidar_ros2_driver) StderrLine: {'line': b'/root/robot1_ws/src/ydlidar_ros2_driver/src/ydlidar_ros2_driver_node.cpp:124:26: error: no matching function for call to \xe2\x80\x98rclcpp::Node::declare_parameter(const char [18])\xe2\x80\x99\n'}
[16.919020] (ydlidar_ros2_driver) StderrLine: {'line': b'  124 |   node->declare_parameter("support_motor_dtr");\n'}
[16.919737] (ydlidar_ros2_driver) StderrLine: {'line': b'      |   ~~~~~~~~~~~~~~~~~~~~~~~^~~~~~~~~~~~~~~~~~~~~\n'}
[16.920446] (ydlidar_ros2_driver) StderrLine: {'line': b'In file included from /opt/ros/humble/include/rclcpp/rclcpp/executors/single_threaded_executor.hpp:28,\n'}
[16.921182] (ydlidar_ros2_driver) StderrLine: {'line': b'                 from /opt/ros/humble/include/rclcpp/rclcpp/executors.hpp:22,\n'}
[16.921880] (ydlidar_ros2_driver) StderrLine: {'line': b'                 from /opt/ros/humble/include/rclcpp/rclcpp/rclcpp.hpp:155,\n'}
[16.922532] (ydlidar_ros2_driver) StderrLine: {'line': b'                 from /root/robot1_ws/src/ydlidar_ros2_driver/src/ydlidar_ros2_driver_node.cpp:23:\n'}
[16.923228] (ydlidar_ros2_driver) StderrLine: {'line': b'/opt/ros/humble/include/rclcpp/rclcpp/node.hpp:421:3: note: candidate: \xe2\x80\x98template<class ParameterT> auto rclcpp::Node::declare_parameter(const string&, const ParameterT&, const ParameterDescriptor&, bool)\xe2\x80\x99\n'}
[16.923944] (ydlidar_ros2_driver) StderrLine: {'line': b'  421 |   declare_parameter(\n'}
[16.924617] (ydlidar_ros2_driver) StderrLine: {'line': b'      |   ^~~~~~~~~~~~~~~~~\n'}
[16.925321] (ydlidar_ros2_driver) StderrLine: {'line': b'/opt/ros/humble/include/rclcpp/rclcpp/node.hpp:421:3: note:   template argument deduction/substitution failed:\n'}
[16.925994] (ydlidar_ros2_driver) StderrLine: {'line': b'/root/robot1_ws/src/ydlidar_ros2_driver/src/ydlidar_ros2_driver_node.cpp:124:26: note:   candidate expects 4 arguments, 1 provided\n'}
[16.926701] (ydlidar_ros2_driver) StderrLine: {'line': b'  124 |   node->declare_parameter("support_motor_dtr");\n'}
[16.927415] (ydlidar_ros2_driver) StderrLine: {'line': b'      |   ~~~~~~~~~~~~~~~~~~~~~~~^~~~~~~~~~~~~~~~~~~~~\n'}
[16.928126] (ydlidar_ros2_driver) StderrLine: {'line': b'In file included from /opt/ros/humble/include/rclcpp/rclcpp/executors/single_threaded_executor.hpp:28,\n'}
[16.928819] (ydlidar_ros2_driver) StderrLine: {'line': b'                 from /opt/ros/humble/include/rclcpp/rclcpp/executors.hpp:22,\n'}
[16.929589] (ydlidar_ros2_driver) StderrLine: {'line': b'                 from /opt/ros/humble/include/rclcpp/rclcpp/rclcpp.hpp:155,\n'}
[16.930310] (ydlidar_ros2_driver) StderrLine: {'line': b'                 from /root/robot1_ws/src/ydlidar_ros2_driver/src/ydlidar_ros2_driver_node.cpp:23:\n'}
[16.931002] (ydlidar_ros2_driver) StderrLine: {'line': b'/opt/ros/humble/include/rclcpp/rclcpp/node.hpp:434:3: note: candidate: \xe2\x80\x98template<class ParameterT> auto rclcpp::Node::declare_parameter(const string&, const ParameterDescriptor&, bool)\xe2\x80\x99\n'}
[16.931698] (ydlidar_ros2_driver) StderrLine: {'line': b'  434 |   declare_parameter(\n'}
[16.932381] (ydlidar_ros2_driver) StderrLine: {'line': b'      |   ^~~~~~~~~~~~~~~~~\n'}
[16.933089] (ydlidar_ros2_driver) StderrLine: {'line': b'/opt/ros/humble/include/rclcpp/rclcpp/node.hpp:434:3: note:   template argument deduction/substitution failed:\n'}
[16.933775] (ydlidar_ros2_driver) StderrLine: {'line': b'/root/robot1_ws/src/ydlidar_ros2_driver/src/ydlidar_ros2_driver_node.cpp:124:26: note:   couldn\xe2\x80\x99t deduce template parameter \xe2\x80\x98ParameterT\xe2\x80\x99\n'}
[16.934479] (ydlidar_ros2_driver) StderrLine: {'line': b'  124 |   node->declare_parameter("support_motor_dtr");\n'}
[16.935191] (ydlidar_ros2_driver) StderrLine: {'line': b'      |   ~~~~~~~~~~~~~~~~~~~~~~~^~~~~~~~~~~~~~~~~~~~~\n'}
[16.935906] (ydlidar_ros2_driver) StderrLine: {'line': b'In file included from /opt/ros/humble/include/rclcpp/rclcpp/executors/single_threaded_executor.hpp:28,\n'}
[16.936665] (ydlidar_ros2_driver) StderrLine: {'line': b'                 from /opt/ros/humble/include/rclcpp/rclcpp/executors.hpp:22,\n'}
[16.937423] (ydlidar_ros2_driver) StderrLine: {'line': b'                 from /opt/ros/humble/include/rclcpp/rclcpp/rclcpp.hpp:155,\n'}
[16.938169] (ydlidar_ros2_driver) StderrLine: {'line': b'                 from /root/robot1_ws/src/ydlidar_ros2_driver/src/ydlidar_ros2_driver_node.cpp:23:\n'}
[16.938863] (ydlidar_ros2_driver) StderrLine: {'line': b'/opt/ros/humble/include/rclcpp/rclcpp/node.hpp:366:3: note: candidate: \xe2\x80\x98const rclcpp::ParameterValue& rclcpp::Node::declare_parameter(const string&, const rclcpp::ParameterValue&, const ParameterDescriptor&, bool)\xe2\x80\x99\n'}
[16.939567] (ydlidar_ros2_driver) StderrLine: {'line': b'  366 |   declare_parameter(\n'}
[16.940238] (ydlidar_ros2_driver) StderrLine: {'line': b'      |   ^~~~~~~~~~~~~~~~~\n'}
[16.940899] (ydlidar_ros2_driver) StderrLine: {'line': b'/opt/ros/humble/include/rclcpp/rclcpp/node.hpp:366:3: note:   candidate expects 4 arguments, 1 provided\n'}
[16.941654] (ydlidar_ros2_driver) StderrLine: {'line': b'/opt/ros/humble/include/rclcpp/rclcpp/node.hpp:391:3: note: candidate: \xe2\x80\x98const rclcpp::ParameterValue& rclcpp::Node::declare_parameter(const string&, rclcpp::ParameterType, const ParameterDescriptor&, bool)\xe2\x80\x99\n'}
[16.942384] (ydlidar_ros2_driver) StderrLine: {'line': b'  391 |   declare_parameter(\n'}
[16.943049] (ydlidar_ros2_driver) StderrLine: {'line': b'      |   ^~~~~~~~~~~~~~~~~\n'}
[16.943712] (ydlidar_ros2_driver) StderrLine: {'line': b'/opt/ros/humble/include/rclcpp/rclcpp/node.hpp:391:3: note:   candidate expects 4 arguments, 1 provided\n'}
[16.944366] (ydlidar_ros2_driver) StderrLine: {'line': b'/root/robot1_ws/src/ydlidar_ros2_driver/src/ydlidar_ros2_driver_node.cpp:129:26: error: no matching function for call to \xe2\x80\x98rclcpp::Node::declare_parameter(const char [6])\xe2\x80\x99\n'}
[16.944961] (ydlidar_ros2_driver) StderrLine: {'line': b'  129 |   node->declare_parameter("debug");\n'}
[16.945686] (ydlidar_ros2_driver) StderrLine: {'line': b'      |   ~~~~~~~~~~~~~~~~~~~~~~~^~~~~~~~~\n'}
[16.946400] (ydlidar_ros2_driver) StderrLine: {'line': b'In file included from /opt/ros/humble/include/rclcpp/rclcpp/executors/single_threaded_executor.hpp:28,\n'}
[16.947188] (ydlidar_ros2_driver) StderrLine: {'line': b'                 from /opt/ros/humble/include/rclcpp/rclcpp/executors.hpp:22,\n'}
[16.947922] (ydlidar_ros2_driver) StderrLine: {'line': b'                 from /opt/ros/humble/include/rclcpp/rclcpp/rclcpp.hpp:155,\n'}
[16.948638] (ydlidar_ros2_driver) StderrLine: {'line': b'                 from /root/robot1_ws/src/ydlidar_ros2_driver/src/ydlidar_ros2_driver_node.cpp:23:\n'}
[16.949426] (ydlidar_ros2_driver) StderrLine: {'line': b'/opt/ros/humble/include/rclcpp/rclcpp/node.hpp:421:3: note: candidate: \xe2\x80\x98template<class ParameterT> auto rclcpp::Node::declare_parameter(const string&, const ParameterT&, const ParameterDescriptor&, bool)\xe2\x80\x99\n'}
[16.950200] (ydlidar_ros2_driver) StderrLine: {'line': b'  421 |   declare_parameter(\n'}
[16.950887] (ydlidar_ros2_driver) StderrLine: {'line': b'      |   ^~~~~~~~~~~~~~~~~\n'}
[16.951564] (ydlidar_ros2_driver) StderrLine: {'line': b'/opt/ros/humble/include/rclcpp/rclcpp/node.hpp:421:3: note:   template argument deduction/substitution failed:\n'}
[16.952262] (ydlidar_ros2_driver) StderrLine: {'line': b'/root/robot1_ws/src/ydlidar_ros2_driver/src/ydlidar_ros2_driver_node.cpp:129:26: note:   candidate expects 4 arguments, 1 provided\n'}
[16.953031] (ydlidar_ros2_driver) StderrLine: {'line': b'  129 |   node->declare_parameter("debug");\n'}
[16.953816] (ydlidar_ros2_driver) StderrLine: {'line': b'      |   ~~~~~~~~~~~~~~~~~~~~~~~^~~~~~~~~\n'}
[16.954554] (ydlidar_ros2_driver) StderrLine: {'line': b'In file included from /opt/ros/humble/include/rclcpp/rclcpp/executors/single_threaded_executor.hpp:28,\n'}
[16.955283] (ydlidar_ros2_driver) StderrLine: {'line': b'                 from /opt/ros/humble/include/rclcpp/rclcpp/executors.hpp:22,\n'}
[16.956086] (ydlidar_ros2_driver) StderrLine: {'line': b'                 from /opt/ros/humble/include/rclcpp/rclcpp/rclcpp.hpp:155,\n'}
[16.956809] (ydlidar_ros2_driver) StderrLine: {'line': b'                 from /root/robot1_ws/src/ydlidar_ros2_driver/src/ydlidar_ros2_driver_node.cpp:23:\n'}
[16.957538] (ydlidar_ros2_driver) StderrLine: {'line': b'/opt/ros/humble/include/rclcpp/rclcpp/node.hpp:434:3: note: candidate: \xe2\x80\x98template<class ParameterT> auto rclcpp::Node::declare_parameter(const string&, const ParameterDescriptor&, bool)\xe2\x80\x99\n'}
[16.958220] (ydlidar_ros2_driver) StderrLine: {'line': b'  434 |   declare_parameter(\n'}
[16.958878] (ydlidar_ros2_driver) StderrLine: {'line': b'      |   ^~~~~~~~~~~~~~~~~\n'}
[16.959613] (ydlidar_ros2_driver) StderrLine: {'line': b'/opt/ros/humble/include/rclcpp/rclcpp/node.hpp:434:3: note:   template argument deduction/substitution failed:\n'}
[16.960352] (ydlidar_ros2_driver) StderrLine: {'line': b'/root/robot1_ws/src/ydlidar_ros2_driver/src/ydlidar_ros2_driver_node.cpp:129:26: note:   couldn\xe2\x80\x99t deduce template parameter \xe2\x80\x98ParameterT\xe2\x80\x99\n'}
[16.961146] (ydlidar_ros2_driver) StderrLine: {'line': b'  129 |   node->declare_parameter("debug");\n'}
[16.961932] (ydlidar_ros2_driver) StderrLine: {'line': b'      |   ~~~~~~~~~~~~~~~~~~~~~~~^~~~~~~~~\n'}
[16.962671] (ydlidar_ros2_driver) StderrLine: {'line': b'In file included from /opt/ros/humble/include/rclcpp/rclcpp/executors/single_threaded_executor.hpp:28,\n'}
[16.963402] (ydlidar_ros2_driver) StderrLine: {'line': b'                 from /opt/ros/humble/include/rclcpp/rclcpp/executors.hpp:22,\n'}
[16.964127] (ydlidar_ros2_driver) StderrLine: {'line': b'                 from /opt/ros/humble/include/rclcpp/rclcpp/rclcpp.hpp:155,\n'}
[16.964870] (ydlidar_ros2_driver) StderrLine: {'line': b'                 from /root/robot1_ws/src/ydlidar_ros2_driver/src/ydlidar_ros2_driver_node.cpp:23:\n'}
[16.965694] (ydlidar_ros2_driver) StderrLine: {'line': b'/opt/ros/humble/include/rclcpp/rclcpp/node.hpp:366:3: note: candidate: \xe2\x80\x98const rclcpp::ParameterValue& rclcpp::Node::declare_parameter(const string&, const rclcpp::ParameterValue&, const ParameterDescriptor&, bool)\xe2\x80\x99\n'}
[16.966473] (ydlidar_ros2_driver) StderrLine: {'line': b'  366 |   declare_parameter(\n'}
[16.967226] (ydlidar_ros2_driver) StderrLine: {'line': b'      |   ^~~~~~~~~~~~~~~~~\n'}
[16.967979] (ydlidar_ros2_driver) StderrLine: {'line': b'/opt/ros/humble/include/rclcpp/rclcpp/node.hpp:366:3: note:   candidate expects 4 arguments, 1 provided\n'}
[16.968714] (ydlidar_ros2_driver) StderrLine: {'line': b'/opt/ros/humble/include/rclcpp/rclcpp/node.hpp:391:3: note: candidate: \xe2\x80\x98const rclcpp::ParameterValue& rclcpp::Node::declare_parameter(const string&, rclcpp::ParameterType, const ParameterDescriptor&, bool)\xe2\x80\x99\n'}
[16.969574] (ydlidar_ros2_driver) StderrLine: {'line': b'  391 |   declare_parameter(\n'}
[16.970284] (ydlidar_ros2_driver) StderrLine: {'line': b'      |   ^~~~~~~~~~~~~~~~~\n'}
[16.970969] (ydlidar_ros2_driver) StderrLine: {'line': b'/opt/ros/humble/include/rclcpp/rclcpp/node.hpp:391:3: note:   candidate expects 4 arguments, 1 provided\n'}
[16.971660] (ydlidar_ros2_driver) StderrLine: {'line': b'/root/robot1_ws/src/ydlidar_ros2_driver/src/ydlidar_ros2_driver_node.cpp:131:9: error: \xe2\x80\x98class CYdLidar\xe2\x80\x99 has no member named \xe2\x80\x98setEnableDebug\xe2\x80\x99\n'}
[16.972411] (ydlidar_ros2_driver) StderrLine: {'line': b'  131 |   laser.setEnableDebug(b_optvalue);\n'}
[16.973149] (ydlidar_ros2_driver) StderrLine: {'line': b'      |         ^~~~~~~~~~~~~~\n'}
[16.973877] (ydlidar_ros2_driver) StderrLine: {'line': b'/root/robot1_ws/src/ydlidar_ros2_driver/src/ydlidar_ros2_driver_node.cpp:136:26: error: no matching function for call to \xe2\x80\x98rclcpp::Node::declare_parameter(const char [10])\xe2\x80\x99\n'}
[16.974582] (ydlidar_ros2_driver) StderrLine: {'line': b'  136 |   node->declare_parameter("angle_max");\n'}
[16.975362] (ydlidar_ros2_driver) StderrLine: {'line': b'      |   ~~~~~~~~~~~~~~~~~~~~~~~^~~~~~~~~~~~~\n'}
[16.976084] (ydlidar_ros2_driver) StderrLine: {'line': b'In file included from /opt/ros/humble/include/rclcpp/rclcpp/executors/single_threaded_executor.hpp:28,\n'}
[16.976821] (ydlidar_ros2_driver) StderrLine: {'line': b'                 from /opt/ros/humble/include/rclcpp/rclcpp/executors.hpp:22,\n'}
[16.977640] (ydlidar_ros2_driver) StderrLine: {'line': b'                 from /opt/ros/humble/include/rclcpp/rclcpp/rclcpp.hpp:155,\n'}
[16.978370] (ydlidar_ros2_driver) StderrLine: {'line': b'                 from /root/robot1_ws/src/ydlidar_ros2_driver/src/ydlidar_ros2_driver_node.cpp:23:\n'}
[16.979139] (ydlidar_ros2_driver) StderrLine: {'line': b'/opt/ros/humble/include/rclcpp/rclcpp/node.hpp:421:3: note: candidate: \xe2\x80\x98template<class ParameterT> auto rclcpp::Node::declare_parameter(const string&, const ParameterT&, const ParameterDescriptor&, bool)\xe2\x80\x99\n'}
[16.979845] (ydlidar_ros2_driver) StderrLine: {'line': b'  421 |   declare_parameter(\n'}
[16.980490] (ydlidar_ros2_driver) StderrLine: {'line': b'      |   ^~~~~~~~~~~~~~~~~\n'}
[16.981269] (ydlidar_ros2_driver) StderrLine: {'line': b'/opt/ros/humble/include/rclcpp/rclcpp/node.hpp:421:3: note:   template argument deduction/substitution failed:\n'}
[16.981988] (ydlidar_ros2_driver) StderrLine: {'line': b'/root/robot1_ws/src/ydlidar_ros2_driver/src/ydlidar_ros2_driver_node.cpp:136:26: note:   candidate expects 4 arguments, 1 provided\n'}
[16.982726] (ydlidar_ros2_driver) StderrLine: {'line': b'  136 |   node->declare_parameter("angle_max");\n'}
[16.983449] (ydlidar_ros2_driver) StderrLine: {'line': b'      |   ~~~~~~~~~~~~~~~~~~~~~~~^~~~~~~~~~~~~\n'}
[16.984168] (ydlidar_ros2_driver) StderrLine: {'line': b'In file included from /opt/ros/humble/include/rclcpp/rclcpp/executors/single_threaded_executor.hpp:28,\n'}
[16.984864] (ydlidar_ros2_driver) StderrLine: {'line': b'                 from /opt/ros/humble/include/rclcpp/rclcpp/executors.hpp:22,\n'}
[16.985656] (ydlidar_ros2_driver) StderrLine: {'line': b'                 from /opt/ros/humble/include/rclcpp/rclcpp/rclcpp.hpp:155,\n'}
[16.986353] (ydlidar_ros2_driver) StderrLine: {'line': b'                 from /root/robot1_ws/src/ydlidar_ros2_driver/src/ydlidar_ros2_driver_node.cpp:23:\n'}
[16.987052] (ydlidar_ros2_driver) StderrLine: {'line': b'/opt/ros/humble/include/rclcpp/rclcpp/node.hpp:434:3: note: candidate: \xe2\x80\x98template<class ParameterT> auto rclcpp::Node::declare_parameter(const string&, const ParameterDescriptor&, bool)\xe2\x80\x99\n'}
[16.987747] (ydlidar_ros2_driver) StderrLine: {'line': b'  434 |   declare_parameter(\n'}
[16.988413] (-) TimerEvent: {}
[16.988610] (ydlidar_ros2_driver) StderrLine: {'line': b'      |   ^~~~~~~~~~~~~~~~~\n'}
[16.989349] (ydlidar_ros2_driver) StderrLine: {'line': b'/opt/ros/humble/include/rclcpp/rclcpp/node.hpp:434:3: note:   template argument deduction/substitution failed:\n'}
[16.990059] (ydlidar_ros2_driver) StderrLine: {'line': b'/root/robot1_ws/src/ydlidar_ros2_driver/src/ydlidar_ros2_driver_node.cpp:136:26: note:   couldn\xe2\x80\x99t deduce template parameter \xe2\x80\x98ParameterT\xe2\x80\x99\n'}
[16.990808] (ydlidar_ros2_driver) StderrLine: {'line': b'  136 |   node->declare_parameter("angle_max");\n'}
[16.991515] (ydlidar_ros2_driver) StderrLine: {'line': b'      |   ~~~~~~~~~~~~~~~~~~~~~~~^~~~~~~~~~~~~\n'}
[16.992203] (ydlidar_ros2_driver) StderrLine: {'line': b'In file included from /opt/ros/humble/include/rclcpp/rclcpp/executors/single_threaded_executor.hpp:28,\n'}
[16.992906] (ydlidar_ros2_driver) StderrLine: {'line': b'                 from /opt/ros/humble/include/rclcpp/rclcpp/executors.hpp:22,\n'}
[16.993671] (ydlidar_ros2_driver) StderrLine: {'line': b'                 from /opt/ros/humble/include/rclcpp/rclcpp/rclcpp.hpp:155,\n'}
[16.994405] (ydlidar_ros2_driver) StderrLine: {'line': b'                 from /root/robot1_ws/src/ydlidar_ros2_driver/src/ydlidar_ros2_driver_node.cpp:23:\n'}
[16.995160] (ydlidar_ros2_driver) StderrLine: {'line': b'/opt/ros/humble/include/rclcpp/rclcpp/node.hpp:366:3: note: candidate: \xe2\x80\x98const rclcpp::ParameterValue& rclcpp::Node::declare_parameter(const string&, const rclcpp::ParameterValue&, const ParameterDescriptor&, bool)\xe2\x80\x99\n'}
[16.995870] (ydlidar_ros2_driver) StderrLine: {'line': b'  366 |   declare_parameter(\n'}
[16.996568] (ydlidar_ros2_driver) StderrLine: {'line': b'      |   ^~~~~~~~~~~~~~~~~\n'}
[16.997316] (ydlidar_ros2_driver) StderrLine: {'line': b'/opt/ros/humble/include/rclcpp/rclcpp/node.hpp:366:3: note:   candidate expects 4 arguments, 1 provided\n'}
[16.998034] (ydlidar_ros2_driver) StderrLine: {'line': b'/opt/ros/humble/include/rclcpp/rclcpp/node.hpp:391:3: note: candidate: \xe2\x80\x98const rclcpp::ParameterValue& rclcpp::Node::declare_parameter(const string&, rclcpp::ParameterType, const ParameterDescriptor&, bool)\xe2\x80\x99\n'}
[16.998742] (ydlidar_ros2_driver) StderrLine: {'line': b'  391 |   declare_parameter(\n'}
[16.999445] (ydlidar_ros2_driver) StderrLine: {'line': b'      |   ^~~~~~~~~~~~~~~~~\n'}
[17.000157] (ydlidar_ros2_driver) StderrLine: {'line': b'/opt/ros/humble/include/rclcpp/rclcpp/node.hpp:391:3: note:   candidate expects 4 arguments, 1 provided\n'}
[17.000863] (ydlidar_ros2_driver) StderrLine: {'line': b'/root/robot1_ws/src/ydlidar_ros2_driver/src/ydlidar_ros2_driver_node.cpp:140:26: error: no matching function for call to \xe2\x80\x98rclcpp::Node::declare_parameter(const char [10])\xe2\x80\x99\n'}
[17.001641] (ydlidar_ros2_driver) StderrLine: {'line': b'  140 |   node->declare_parameter("angle_min");\n'}
[17.002349] (ydlidar_ros2_driver) StderrLine: {'line': b'      |   ~~~~~~~~~~~~~~~~~~~~~~~^~~~~~~~~~~~~\n'}
[17.003035] (ydlidar_ros2_driver) StderrLine: {'line': b'In file included from /opt/ros/humble/include/rclcpp/rclcpp/executors/single_threaded_executor.hpp:28,\n'}
[17.003727] (ydlidar_ros2_driver) StderrLine: {'line': b'                 from /opt/ros/humble/include/rclcpp/rclcpp/executors.hpp:22,\n'}
[17.004426] (ydlidar_ros2_driver) StderrLine: {'line': b'                 from /opt/ros/humble/include/rclcpp/rclcpp/rclcpp.hpp:155,\n'}
[17.005215] (ydlidar_ros2_driver) StderrLine: {'line': b'                 from /root/robot1_ws/src/ydlidar_ros2_driver/src/ydlidar_ros2_driver_node.cpp:23:\n'}
[17.005994] (ydlidar_ros2_driver) StderrLine: {'line': b'/opt/ros/humble/include/rclcpp/rclcpp/node.hpp:421:3: note: candidate: \xe2\x80\x98template<class ParameterT> auto rclcpp::Node::declare_parameter(const string&, const ParameterT&, const ParameterDescriptor&, bool)\xe2\x80\x99\n'}
[17.006737] (ydlidar_ros2_driver) StderrLine: {'line': b'  421 |   declare_parameter(\n'}
[17.007470] (ydlidar_ros2_driver) StderrLine: {'line': b'      |   ^~~~~~~~~~~~~~~~~\n'}
[17.008178] (ydlidar_ros2_driver) StderrLine: {'line': b'/opt/ros/humble/include/rclcpp/rclcpp/node.hpp:421:3: note:   template argument deduction/substitution failed:\n'}
[17.008906] (ydlidar_ros2_driver) StderrLine: {'line': b'/root/robot1_ws/src/ydlidar_ros2_driver/src/ydlidar_ros2_driver_node.cpp:140:26: note:   candidate expects 4 arguments, 1 provided\n'}
[17.009737] (ydlidar_ros2_driver) StderrLine: {'line': b'  140 |   node->declare_parameter("angle_min");\n'}
[17.010476] (ydlidar_ros2_driver) StderrLine: {'line': b'      |   ~~~~~~~~~~~~~~~~~~~~~~~^~~~~~~~~~~~~\n'}
[17.011200] (ydlidar_ros2_driver) StderrLine: {'line': b'In file included from /opt/ros/humble/include/rclcpp/rclcpp/executors/single_threaded_executor.hpp:28,\n'}
[17.011947] (ydlidar_ros2_driver) StderrLine: {'line': b'                 from /opt/ros/humble/include/rclcpp/rclcpp/executors.hpp:22,\n'}
[17.012724] (ydlidar_ros2_driver) StderrLine: {'line': b'                 from /opt/ros/humble/include/rclcpp/rclcpp/rclcpp.hpp:155,\n'}
[17.013502] (ydlidar_ros2_driver) StderrLine: {'line': b'                 from /root/robot1_ws/src/ydlidar_ros2_driver/src/ydlidar_ros2_driver_node.cpp:23:\n'}
[17.014229] (ydlidar_ros2_driver) StderrLine: {'line': b'/opt/ros/humble/include/rclcpp/rclcpp/node.hpp:434:3: note: candidate: \xe2\x80\x98template<class ParameterT> auto rclcpp::Node::declare_parameter(const string&, const ParameterDescriptor&, bool)\xe2\x80\x99\n'}
[17.015015] (ydlidar_ros2_driver) StderrLine: {'line': b'  434 |   declare_parameter(\n'}
[17.015764] (ydlidar_ros2_driver) StderrLine: {'line': b'      |   ^~~~~~~~~~~~~~~~~\n'}
[17.016504] (ydlidar_ros2_driver) StderrLine: {'line': b'/opt/ros/humble/include/rclcpp/rclcpp/node.hpp:434:3: note:   template argument deduction/substitution failed:\n'}
[17.017290] (ydlidar_ros2_driver) StderrLine: {'line': b'/root/robot1_ws/src/ydlidar_ros2_driver/src/ydlidar_ros2_driver_node.cpp:140:26: note:   couldn\xe2\x80\x99t deduce template parameter \xe2\x80\x98ParameterT\xe2\x80\x99\n'}
[17.018066] (ydlidar_ros2_driver) StderrLine: {'line': b'  140 |   node->declare_parameter("angle_min");\n'}
[17.018809] (ydlidar_ros2_driver) StderrLine: {'line': b'      |   ~~~~~~~~~~~~~~~~~~~~~~~^~~~~~~~~~~~~\n'}
[17.019543] (ydlidar_ros2_driver) StderrLine: {'line': b'In file included from /opt/ros/humble/include/rclcpp/rclcpp/executors/single_threaded_executor.hpp:28,\n'}
[17.020269] (ydlidar_ros2_driver) StderrLine: {'line': b'                 from /opt/ros/humble/include/rclcpp/rclcpp/executors.hpp:22,\n'}
[17.020964] (ydlidar_ros2_driver) StderrLine: {'line': b'                 from /opt/ros/humble/include/rclcpp/rclcpp/rclcpp.hpp:155,\n'}
[17.021787] (ydlidar_ros2_driver) StderrLine: {'line': b'                 from /root/robot1_ws/src/ydlidar_ros2_driver/src/ydlidar_ros2_driver_node.cpp:23:\n'}
[17.022500] (ydlidar_ros2_driver) StderrLine: {'line': b'/opt/ros/humble/include/rclcpp/rclcpp/node.hpp:366:3: note: candidate: \xe2\x80\x98const rclcpp::ParameterValue& rclcpp::Node::declare_parameter(const string&, const rclcpp::ParameterValue&, const ParameterDescriptor&, bool)\xe2\x80\x99\n'}
[17.023231] (ydlidar_ros2_driver) StderrLine: {'line': b'  366 |   declare_parameter(\n'}
[17.023949] (ydlidar_ros2_driver) StderrLine: {'line': b'      |   ^~~~~~~~~~~~~~~~~\n'}
[17.024629] (ydlidar_ros2_driver) StderrLine: {'line': b'/opt/ros/humble/include/rclcpp/rclcpp/node.hpp:366:3: note:   candidate expects 4 arguments, 1 provided\n'}
[17.025428] (ydlidar_ros2_driver) StderrLine: {'line': b'/opt/ros/humble/include/rclcpp/rclcpp/node.hpp:391:3: note: candidate: \xe2\x80\x98const rclcpp::ParameterValue& rclcpp::Node::declare_parameter(const string&, rclcpp::ParameterType, const ParameterDescriptor&, bool)\xe2\x80\x99\n'}
[17.026165] (ydlidar_ros2_driver) StderrLine: {'line': b'  391 |   declare_parameter(\n'}
[17.026877] (ydlidar_ros2_driver) StderrLine: {'line': b'      |   ^~~~~~~~~~~~~~~~~\n'}
[17.027604] (ydlidar_ros2_driver) StderrLine: {'line': b'/opt/ros/humble/include/rclcpp/rclcpp/node.hpp:391:3: note:   candidate expects 4 arguments, 1 provided\n'}
[17.028341] (ydlidar_ros2_driver) StderrLine: {'line': b'/root/robot1_ws/src/ydlidar_ros2_driver/src/ydlidar_ros2_driver_node.cpp:145:26: error: no matching function for call to \xe2\x80\x98rclcpp::Node::declare_parameter(const char [10])\xe2\x80\x99\n'}
[17.029131] (ydlidar_ros2_driver) StderrLine: {'line': b'  145 |   node->declare_parameter("range_max");\n'}
[17.029899] (ydlidar_ros2_driver) StderrLine: {'line': b'      |   ~~~~~~~~~~~~~~~~~~~~~~~^~~~~~~~~~~~~\n'}
[17.030593] (ydlidar_ros2_driver) StderrLine: {'line': b'In file included from /opt/ros/humble/include/rclcpp/rclcpp/executors/single_threaded_executor.hpp:28,\n'}
[17.031317] (ydlidar_ros2_driver) StderrLine: {'line': b'                 from /opt/ros/humble/include/rclcpp/rclcpp/executors.hpp:22,\n'}
[17.032054] (ydlidar_ros2_driver) StderrLine: {'line': b'                 from /opt/ros/humble/include/rclcpp/rclcpp/rclcpp.hpp:155,\n'}
[17.032769] (ydlidar_ros2_driver) StderrLine: {'line': b'                 from /root/robot1_ws/src/ydlidar_ros2_driver/src/ydlidar_ros2_driver_node.cpp:23:\n'}
[17.033598] (ydlidar_ros2_driver) StderrLine: {'line': b'/opt/ros/humble/include/rclcpp/rclcpp/node.hpp:421:3: note: candidate: \xe2\x80\x98template<class ParameterT> auto rclcpp::Node::declare_parameter(const string&, const ParameterT&, const ParameterDescriptor&, bool)\xe2\x80\x99\n'}
[17.034420] (ydlidar_ros2_driver) StderrLine: {'line': b'  421 |   declare_parameter(\n'}
[17.035169] (ydlidar_ros2_driver) StderrLine: {'line': b'      |   ^~~~~~~~~~~~~~~~~\n'}
[17.035881] (ydlidar_ros2_driver) StderrLine: {'line': b'/opt/ros/humble/include/rclcpp/rclcpp/node.hpp:421:3: note:   template argument deduction/substitution failed:\n'}
[17.036578] (ydlidar_ros2_driver) StderrLine: {'line': b'/root/robot1_ws/src/ydlidar_ros2_driver/src/ydlidar_ros2_driver_node.cpp:145:26: note:   candidate expects 4 arguments, 1 provided\n'}
[17.037324] (ydlidar_ros2_driver) StderrLine: {'line': b'  145 |   node->declare_parameter("range_max");\n'}
[17.038049] (ydlidar_ros2_driver) StderrLine: {'line': b'      |   ~~~~~~~~~~~~~~~~~~~~~~~^~~~~~~~~~~~~\n'}
[17.038779] (ydlidar_ros2_driver) StderrLine: {'line': b'In file included from /opt/ros/humble/include/rclcpp/rclcpp/executors/single_threaded_executor.hpp:28,\n'}
[17.039535] (ydlidar_ros2_driver) StderrLine: {'line': b'                 from /opt/ros/humble/include/rclcpp/rclcpp/executors.hpp:22,\n'}
[17.040279] (ydlidar_ros2_driver) StderrLine: {'line': b'                 from /opt/ros/humble/include/rclcpp/rclcpp/rclcpp.hpp:155,\n'}
[17.041043] (ydlidar_ros2_driver) StderrLine: {'line': b'                 from /root/robot1_ws/src/ydlidar_ros2_driver/src/ydlidar_ros2_driver_node.cpp:23:\n'}
[17.041813] (ydlidar_ros2_driver) StderrLine: {'line': b'/opt/ros/humble/include/rclcpp/rclcpp/node.hpp:434:3: note: candidate: \xe2\x80\x98template<class ParameterT> auto rclcpp::Node::declare_parameter(const string&, const ParameterDescriptor&, bool)\xe2\x80\x99\n'}
[17.042545] (ydlidar_ros2_driver) StderrLine: {'line': b'  434 |   declare_parameter(\n'}
[17.043279] (ydlidar_ros2_driver) StderrLine: {'line': b'      |   ^~~~~~~~~~~~~~~~~\n'}
[17.044011] (ydlidar_ros2_driver) StderrLine: {'line': b'/opt/ros/humble/include/rclcpp/rclcpp/node.hpp:434:3: note:   template argument deduction/substitution failed:\n'}
[17.044763] (ydlidar_ros2_driver) StderrLine: {'line': b'/root/robot1_ws/src/ydlidar_ros2_driver/src/ydlidar_ros2_driver_node.cpp:145:26: note:   couldn\xe2\x80\x99t deduce template parameter \xe2\x80\x98ParameterT\xe2\x80\x99\n'}
[17.045561] (ydlidar_ros2_driver) StderrLine: {'line': b'  145 |   node->declare_parameter("range_max");\n'}
[17.046299] (ydlidar_ros2_driver) StderrLine: {'line': b'      |   ~~~~~~~~~~~~~~~~~~~~~~~^~~~~~~~~~~~~\n'}
[17.047017] (ydlidar_ros2_driver) StderrLine: {'line': b'In file included from /opt/ros/humble/include/rclcpp/rclcpp/executors/single_threaded_executor.hpp:28,\n'}
[17.047730] (ydlidar_ros2_driver) StderrLine: {'line': b'                 from /opt/ros/humble/include/rclcpp/rclcpp/executors.hpp:22,\n'}
[17.048387] (ydlidar_ros2_driver) StderrLine: {'line': b'                 from /opt/ros/humble/include/rclcpp/rclcpp/rclcpp.hpp:155,\n'}
[17.049095] (ydlidar_ros2_driver) StderrLine: {'line': b'                 from /root/robot1_ws/src/ydlidar_ros2_driver/src/ydlidar_ros2_driver_node.cpp:23:\n'}
[17.049868] (ydlidar_ros2_driver) StderrLine: {'line': b'/opt/ros/humble/include/rclcpp/rclcpp/node.hpp:366:3: note: candidate: \xe2\x80\x98const rclcpp::ParameterValue& rclcpp::Node::declare_parameter(const string&, const rclcpp::ParameterValue&, const ParameterDescriptor&, bool)\xe2\x80\x99\n'}
[17.050608] (ydlidar_ros2_driver) StderrLine: {'line': b'  366 |   declare_parameter(\n'}
[17.051368] (ydlidar_ros2_driver) StderrLine: {'line': b'      |   ^~~~~~~~~~~~~~~~~\n'}
[17.052097] (ydlidar_ros2_driver) StderrLine: {'line': b'/opt/ros/humble/include/rclcpp/rclcpp/node.hpp:366:3: note:   candidate expects 4 arguments, 1 provided\n'}
[17.052822] (ydlidar_ros2_driver) StderrLine: {'line': b'/opt/ros/humble/include/rclcpp/rclcpp/node.hpp:391:3: note: candidate: \xe2\x80\x98const rclcpp::ParameterValue& rclcpp::Node::declare_parameter(const string&, rclcpp::ParameterType, const ParameterDescriptor&, bool)\xe2\x80\x99\n'}
[17.053633] (ydlidar_ros2_driver) StderrLine: {'line': b'  391 |   declare_parameter(\n'}
[17.054435] (ydlidar_ros2_driver) StderrLine: {'line': b'      |   ^~~~~~~~~~~~~~~~~\n'}
[17.055162] (ydlidar_ros2_driver) StderrLine: {'line': b'/opt/ros/humble/include/rclcpp/rclcpp/node.hpp:391:3: note:   candidate expects 4 arguments, 1 provided\n'}
[17.055900] (ydlidar_ros2_driver) StderrLine: {'line': b'/root/robot1_ws/src/ydlidar_ros2_driver/src/ydlidar_ros2_driver_node.cpp:149:26: error: no matching function for call to \xe2\x80\x98rclcpp::Node::declare_parameter(const char [10])\xe2\x80\x99\n'}
[17.056627] (ydlidar_ros2_driver) StderrLine: {'line': b'  149 |   node->declare_parameter("range_min");\n'}
[17.057417] (ydlidar_ros2_driver) StderrLine: {'line': b'      |   ~~~~~~~~~~~~~~~~~~~~~~~^~~~~~~~~~~~~\n'}
[17.058173] (ydlidar_ros2_driver) StderrLine: {'line': b'In file included from /opt/ros/humble/include/rclcpp/rclcpp/executors/single_threaded_executor.hpp:28,\n'}
[17.058918] (ydlidar_ros2_driver) StderrLine: {'line': b'                 from /opt/ros/humble/include/rclcpp/rclcpp/executors.hpp:22,\n'}
[17.059644] (ydlidar_ros2_driver) StderrLine: {'line': b'                 from /opt/ros/humble/include/rclcpp/rclcpp/rclcpp.hpp:155,\n'}
[17.060357] (ydlidar_ros2_driver) StderrLine: {'line': b'                 from /root/robot1_ws/src/ydlidar_ros2_driver/src/ydlidar_ros2_driver_node.cpp:23:\n'}
[17.061116] (ydlidar_ros2_driver) StderrLine: {'line': b'/opt/ros/humble/include/rclcpp/rclcpp/node.hpp:421:3: note: candidate: \xe2\x80\x98template<class ParameterT> auto rclcpp::Node::declare_parameter(const string&, const ParameterT&, const ParameterDescriptor&, bool)\xe2\x80\x99\n'}
[17.061851] (ydlidar_ros2_driver) StderrLine: {'line': b'  421 |   declare_parameter(\n'}
[17.062528] (ydlidar_ros2_driver) StderrLine: {'line': b'      |   ^~~~~~~~~~~~~~~~~\n'}
[17.063263] (ydlidar_ros2_driver) StderrLine: {'line': b'/opt/ros/humble/include/rclcpp/rclcpp/node.hpp:421:3: note:   template argument deduction/substitution failed:\n'}
[17.064002] (ydlidar_ros2_driver) StderrLine: {'line': b'/root/robot1_ws/src/ydlidar_ros2_driver/src/ydlidar_ros2_driver_node.cpp:149:26: note:   candidate expects 4 arguments, 1 provided\n'}
[17.064734] (ydlidar_ros2_driver) StderrLine: {'line': b'  149 |   node->declare_parameter("range_min");\n'}
[17.065543] (ydlidar_ros2_driver) StderrLine: {'line': b'      |   ~~~~~~~~~~~~~~~~~~~~~~~^~~~~~~~~~~~~\n'}
[17.066296] (ydlidar_ros2_driver) StderrLine: {'line': b'In file included from /opt/ros/humble/include/rclcpp/rclcpp/executors/single_threaded_executor.hpp:28,\n'}
[17.067037] (ydlidar_ros2_driver) StderrLine: {'line': b'                 from /opt/ros/humble/include/rclcpp/rclcpp/executors.hpp:22,\n'}
[17.067771] (ydlidar_ros2_driver) StderrLine: {'line': b'                 from /opt/ros/humble/include/rclcpp/rclcpp/rclcpp.hpp:155,\n'}
[17.068527] (ydlidar_ros2_driver) StderrLine: {'line': b'                 from /root/robot1_ws/src/ydlidar_ros2_driver/src/ydlidar_ros2_driver_node.cpp:23:\n'}
[17.069301] (ydlidar_ros2_driver) StderrLine: {'line': b'/opt/ros/humble/include/rclcpp/rclcpp/node.hpp:434:3: note: candidate: \xe2\x80\x98template<class ParameterT> auto rclcpp::Node::declare_parameter(const string&, const ParameterDescriptor&, bool)\xe2\x80\x99\n'}
[17.070031] (ydlidar_ros2_driver) StderrLine: {'line': b'  434 |   declare_parameter(\n'}
[17.070746] (ydlidar_ros2_driver) StderrLine: {'line': b'      |   ^~~~~~~~~~~~~~~~~\n'}
[17.071484] (ydlidar_ros2_driver) StderrLine: {'line': b'/opt/ros/humble/include/rclcpp/rclcpp/node.hpp:434:3: note:   template argument deduction/substitution failed:\n'}
[17.072237] (ydlidar_ros2_driver) StderrLine: {'line': b'/root/robot1_ws/src/ydlidar_ros2_driver/src/ydlidar_ros2_driver_node.cpp:149:26: note:   couldn\xe2\x80\x99t deduce template parameter \xe2\x80\x98ParameterT\xe2\x80\x99\n'}
[17.072962] (ydlidar_ros2_driver) StderrLine: {'line': b'  149 |   node->declare_parameter("range_min");\n'}
[17.073763] (ydlidar_ros2_driver) StderrLine: {'line': b'      |   ~~~~~~~~~~~~~~~~~~~~~~~^~~~~~~~~~~~~\n'}
[17.074546] (ydlidar_ros2_driver) StderrLine: {'line': b'In file included from /opt/ros/humble/include/rclcpp/rclcpp/executors/single_threaded_executor.hpp:28,\n'}
[17.075295] (ydlidar_ros2_driver) StderrLine: {'line': b'                 from /opt/ros/humble/include/rclcpp/rclcpp/executors.hpp:22,\n'}
[17.076030] (ydlidar_ros2_driver) StderrLine: {'line': b'                 from /opt/ros/humble/include/rclcpp/rclcpp/rclcpp.hpp:155,\n'}
[17.076735] (ydlidar_ros2_driver) StderrLine: {'line': b'                 from /root/robot1_ws/src/ydlidar_ros2_driver/src/ydlidar_ros2_driver_node.cpp:23:\n'}
[17.077507] (ydlidar_ros2_driver) StderrLine: {'line': b'/opt/ros/humble/include/rclcpp/rclcpp/node.hpp:366:3: note: candidate: \xe2\x80\x98const rclcpp::ParameterValue& rclcpp::Node::declare_parameter(const string&, const rclcpp::ParameterValue&, const ParameterDescriptor&, bool)\xe2\x80\x99\n'}
[17.078225] (ydlidar_ros2_driver) StderrLine: {'line': b'  366 |   declare_parameter(\n'}
[17.078940] (ydlidar_ros2_driver) StderrLine: {'line': b'      |   ^~~~~~~~~~~~~~~~~\n'}
[17.079643] (ydlidar_ros2_driver) StderrLine: {'line': b'/opt/ros/humble/include/rclcpp/rclcpp/node.hpp:366:3: note:   candidate expects 4 arguments, 1 provided\n'}
[17.080363] (ydlidar_ros2_driver) StderrLine: {'line': b'/opt/ros/humble/include/rclcpp/rclcpp/node.hpp:391:3: note: candidate: \xe2\x80\x98const rclcpp::ParameterValue& rclcpp::Node::declare_parameter(const string&, rclcpp::ParameterType, const ParameterDescriptor&, bool)\xe2\x80\x99\n'}
[17.081183] (ydlidar_ros2_driver) StderrLine: {'line': b'  391 |   declare_parameter(\n'}
[17.081950] (ydlidar_ros2_driver) StderrLine: {'line': b'      |   ^~~~~~~~~~~~~~~~~\n'}
[17.082710] (ydlidar_ros2_driver) StderrLine: {'line': b'/opt/ros/humble/include/rclcpp/rclcpp/node.hpp:391:3: note:   candidate expects 4 arguments, 1 provided\n'}
[17.083445] (ydlidar_ros2_driver) StderrLine: {'line': b'/root/robot1_ws/src/ydlidar_ros2_driver/src/ydlidar_ros2_driver_node.cpp:154:26: error: no matching function for call to \xe2\x80\x98rclcpp::Node::declare_parameter(const char [10])\xe2\x80\x99\n'}
[17.084177] (ydlidar_ros2_driver) StderrLine: {'line': b'  154 |   node->declare_parameter("frequency");\n'}
[17.084892] (ydlidar_ros2_driver) StderrLine: {'line': b'      |   ~~~~~~~~~~~~~~~~~~~~~~~^~~~~~~~~~~~~\n'}
[17.085663] (ydlidar_ros2_driver) StderrLine: {'line': b'In file included from /opt/ros/humble/include/rclcpp/rclcpp/executors/single_threaded_executor.hpp:28,\n'}
[17.086397] (ydlidar_ros2_driver) StderrLine: {'line': b'                 from /opt/ros/humble/include/rclcpp/rclcpp/executors.hpp:22,\n'}
[17.087098] (ydlidar_ros2_driver) StderrLine: {'line': b'                 from /opt/ros/humble/include/rclcpp/rclcpp/rclcpp.hpp:155,\n'}
[17.087823] (ydlidar_ros2_driver) StderrLine: {'line': b'                 from /root/robot1_ws/src/ydlidar_ros2_driver/src/ydlidar_ros2_driver_node.cpp:23:\n'}
[17.088500] (-) TimerEvent: {}
[17.088696] (ydlidar_ros2_driver) StderrLine: {'line': b'/opt/ros/humble/include/rclcpp/rclcpp/node.hpp:421:3: note: candidate: \xe2\x80\x98template<class ParameterT> auto rclcpp::Node::declare_parameter(const string&, const ParameterT&, const ParameterDescriptor&, bool)\xe2\x80\x99\n'}
[17.089469] (ydlidar_ros2_driver) StderrLine: {'line': b'  421 |   declare_parameter(\n'}
[17.090186] (ydlidar_ros2_driver) StderrLine: {'line': b'      |   ^~~~~~~~~~~~~~~~~\n'}
[17.090901] (ydlidar_ros2_driver) StderrLine: {'line': b'/opt/ros/humble/include/rclcpp/rclcpp/node.hpp:421:3: note:   template argument deduction/substitution failed:\n'}
[17.091818] (ydlidar_ros2_driver) StderrLine: {'line': b'/root/robot1_ws/src/ydlidar_ros2_driver/src/ydlidar_ros2_driver_node.cpp:154:26: note:   candidate expects 4 arguments, 1 provided\n'}
[17.092724] (ydlidar_ros2_driver) StderrLine: {'line': b'  154 |   node->declare_parameter("frequency");\n'}
[17.093576] (ydlidar_ros2_driver) StderrLine: {'line': b'      |   ~~~~~~~~~~~~~~~~~~~~~~~^~~~~~~~~~~~~\n'}
[17.094321] (ydlidar_ros2_driver) StderrLine: {'line': b'In file included from /opt/ros/humble/include/rclcpp/rclcpp/executors/single_threaded_executor.hpp:28,\n'}
[17.095122] (ydlidar_ros2_driver) StderrLine: {'line': b'                 from /opt/ros/humble/include/rclcpp/rclcpp/executors.hpp:22,\n'}
[17.095850] (ydlidar_ros2_driver) StderrLine: {'line': b'                 from /opt/ros/humble/include/rclcpp/rclcpp/rclcpp.hpp:155,\n'}
[17.096608] (ydlidar_ros2_driver) StderrLine: {'line': b'                 from /root/robot1_ws/src/ydlidar_ros2_driver/src/ydlidar_ros2_driver_node.cpp:23:\n'}
[17.097438] (ydlidar_ros2_driver) StderrLine: {'line': b'/opt/ros/humble/include/rclcpp/rclcpp/node.hpp:434:3: note: candidate: \xe2\x80\x98template<class ParameterT> auto rclcpp::Node::declare_parameter(const string&, const ParameterDescriptor&, bool)\xe2\x80\x99\n'}
[17.098205] (ydlidar_ros2_driver) StderrLine: {'line': b'  434 |   declare_parameter(\n'}
[17.098909] (ydlidar_ros2_driver) StderrLine: {'line': b'      |   ^~~~~~~~~~~~~~~~~\n'}
[17.099573] (ydlidar_ros2_driver) StderrLine: {'line': b'/opt/ros/humble/include/rclcpp/rclcpp/node.hpp:434:3: note:   template argument deduction/substitution failed:\n'}
[17.100211] (ydlidar_ros2_driver) StderrLine: {'line': b'/root/robot1_ws/src/ydlidar_ros2_driver/src/ydlidar_ros2_driver_node.cpp:154:26: note:   couldn\xe2\x80\x99t deduce template parameter \xe2\x80\x98ParameterT\xe2\x80\x99\n'}
[17.100876] (ydlidar_ros2_driver) StderrLine: {'line': b'  154 |   node->declare_parameter("frequency");\n'}
[17.101685] (ydlidar_ros2_driver) StderrLine: {'line': b'      |   ~~~~~~~~~~~~~~~~~~~~~~~^~~~~~~~~~~~~\n'}
[17.102430] (ydlidar_ros2_driver) StderrLine: {'line': b'In file included from /opt/ros/humble/include/rclcpp/rclcpp/executors/single_threaded_executor.hpp:28,\n'}
[17.103154] (ydlidar_ros2_driver) StderrLine: {'line': b'                 from /opt/ros/humble/include/rclcpp/rclcpp/executors.hpp:22,\n'}
[17.103889] (ydlidar_ros2_driver) StderrLine: {'line': b'                 from /opt/ros/humble/include/rclcpp/rclcpp/rclcpp.hpp:155,\n'}
[17.104627] (ydlidar_ros2_driver) StderrLine: {'line': b'                 from /root/robot1_ws/src/ydlidar_ros2_driver/src/ydlidar_ros2_driver_node.cpp:23:\n'}
[17.105454] (ydlidar_ros2_driver) StderrLine: {'line': b'/opt/ros/humble/include/rclcpp/rclcpp/node.hpp:366:3: note: candidate: \xe2\x80\x98const rclcpp::ParameterValue& rclcpp::Node::declare_parameter(const string&, const rclcpp::ParameterValue&, const ParameterDescriptor&, bool)\xe2\x80\x99\n'}
[17.106190] (ydlidar_ros2_driver) StderrLine: {'line': b'  366 |   declare_parameter(\n'}
[17.106881] (ydlidar_ros2_driver) StderrLine: {'line': b'      |   ^~~~~~~~~~~~~~~~~\n'}
[17.107583] (ydlidar_ros2_driver) StderrLine: {'line': b'/opt/ros/humble/include/rclcpp/rclcpp/node.hpp:366:3: note:   candidate expects 4 arguments, 1 provided\n'}
[17.108328] (ydlidar_ros2_driver) StderrLine: {'line': b'/opt/ros/humble/include/rclcpp/rclcpp/node.hpp:391:3: note: candidate: \xe2\x80\x98const rclcpp::ParameterValue& rclcpp::Node::declare_parameter(const string&, rclcpp::ParameterType, const ParameterDescriptor&, bool)\xe2\x80\x99\n'}
[17.109113] (ydlidar_ros2_driver) StderrLine: {'line': b'  391 |   declare_parameter(\n'}
[17.109920] (ydlidar_ros2_driver) StderrLine: {'line': b'      |   ^~~~~~~~~~~~~~~~~\n'}
[17.110657] (ydlidar_ros2_driver) StderrLine: {'line': b'/opt/ros/humble/include/rclcpp/rclcpp/node.hpp:391:3: note:   candidate expects 4 arguments, 1 provided\n'}
[17.111384] (ydlidar_ros2_driver) StderrLine: {'line': b'/root/robot1_ws/src/ydlidar_ros2_driver/src/ydlidar_ros2_driver_node.cpp:159:26: error: no matching function for call to \xe2\x80\x98rclcpp::Node::declare_parameter(const char [21])\xe2\x80\x99\n'}
[17.112091] (ydlidar_ros2_driver) StderrLine: {'line': b'  159 |   node->declare_parameter("invalid_range_is_inf");\n'}
[17.112799] (ydlidar_ros2_driver) StderrLine: {'line': b'      |   ~~~~~~~~~~~~~~~~~~~~~~~^~~~~~~~~~~~~~~~~~~~~~~~\n'}
[17.113690] (ydlidar_ros2_driver) StderrLine: {'line': b'In file included from /opt/ros/humble/include/rclcpp/rclcpp/executors/single_threaded_executor.hpp:28,\n'}
[17.114482] (ydlidar_ros2_driver) StderrLine: {'line': b'                 from /opt/ros/humble/include/rclcpp/rclcpp/executors.hpp:22,\n'}
[17.115218] (ydlidar_ros2_driver) StderrLine: {'line': b'                 from /opt/ros/humble/include/rclcpp/rclcpp/rclcpp.hpp:155,\n'}
[17.115971] (ydlidar_ros2_driver) StderrLine: {'line': b'                 from /root/robot1_ws/src/ydlidar_ros2_driver/src/ydlidar_ros2_driver_node.cpp:23:\n'}
[17.116702] (ydlidar_ros2_driver) StderrLine: {'line': b'/opt/ros/humble/include/rclcpp/rclcpp/node.hpp:421:3: note: candidate: \xe2\x80\x98template<class ParameterT> auto rclcpp::Node::declare_parameter(const string&, const ParameterT&, const ParameterDescriptor&, bool)\xe2\x80\x99\n'}
[17.117654] (ydlidar_ros2_driver) StderrLine: {'line': b'  421 |   declare_parameter(\n'}
[17.118365] (ydlidar_ros2_driver) StderrLine: {'line': b'      |   ^~~~~~~~~~~~~~~~~\n'}
[17.119046] (ydlidar_ros2_driver) StderrLine: {'line': b'/opt/ros/humble/include/rclcpp/rclcpp/node.hpp:421:3: note:   template argument deduction/substitution failed:\n'}
[17.119791] (ydlidar_ros2_driver) StderrLine: {'line': b'/root/robot1_ws/src/ydlidar_ros2_driver/src/ydlidar_ros2_driver_node.cpp:159:26: note:   candidate expects 4 arguments, 1 provided\n'}
[17.120532] (ydlidar_ros2_driver) StderrLine: {'line': b'  159 |   node->declare_parameter("invalid_range_is_inf");\n'}
[17.121316] (ydlidar_ros2_driver) StderrLine: {'line': b'      |   ~~~~~~~~~~~~~~~~~~~~~~~^~~~~~~~~~~~~~~~~~~~~~~~\n'}
[17.122033] (ydlidar_ros2_driver) StderrLine: {'line': b'In file included from /opt/ros/humble/include/rclcpp/rclcpp/executors/single_threaded_executor.hpp:28,\n'}
[17.122764] (ydlidar_ros2_driver) StderrLine: {'line': b'                 from /opt/ros/humble/include/rclcpp/rclcpp/executors.hpp:22,\n'}
[17.123484] (ydlidar_ros2_driver) StderrLine: {'line': b'                 from /opt/ros/humble/include/rclcpp/rclcpp/rclcpp.hpp:155,\n'}
[17.124212] (ydlidar_ros2_driver) StderrLine: {'line': b'                 from /root/robot1_ws/src/ydlidar_ros2_driver/src/ydlidar_ros2_driver_node.cpp:23:\n'}
[17.124928] (ydlidar_ros2_driver) StderrLine: {'line': b'/opt/ros/humble/include/rclcpp/rclcpp/node.hpp:434:3: note: candidate: \xe2\x80\x98template<class ParameterT> auto rclcpp::Node::declare_parameter(const string&, const ParameterDescriptor&, bool)\xe2\x80\x99\n'}
[17.125754] (ydlidar_ros2_driver) StderrLine: {'line': b'  434 |   declare_parameter(\n'}
[17.126466] (ydlidar_ros2_driver) StderrLine: {'line': b'      |   ^~~~~~~~~~~~~~~~~\n'}
[17.127199] (ydlidar_ros2_driver) StderrLine: {'line': b'/opt/ros/humble/include/rclcpp/rclcpp/node.hpp:434:3: note:   template argument deduction/substitution failed:\n'}
[17.127945] (ydlidar_ros2_driver) StderrLine: {'line': b'/root/robot1_ws/src/ydlidar_ros2_driver/src/ydlidar_ros2_driver_node.cpp:159:26: note:   couldn\xe2\x80\x99t deduce template parameter \xe2\x80\x98ParameterT\xe2\x80\x99\n'}
[17.128688] (ydlidar_ros2_driver) StderrLine: {'line': b'  159 |   node->declare_parameter("invalid_range_is_inf");\n'}
[17.129519] (ydlidar_ros2_driver) StderrLine: {'line': b'      |   ~~~~~~~~~~~~~~~~~~~~~~~^~~~~~~~~~~~~~~~~~~~~~~~\n'}
[17.130251] (ydlidar_ros2_driver) StderrLine: {'line': b'In file included from /opt/ros/humble/include/rclcpp/rclcpp/executors/single_threaded_executor.hpp:28,\n'}
[17.131008] (ydlidar_ros2_driver) StderrLine: {'line': b'                 from /opt/ros/humble/include/rclcpp/rclcpp/executors.hpp:22,\n'}
[17.131702] (ydlidar_ros2_driver) StderrLine: {'line': b'                 from /opt/ros/humble/include/rclcpp/rclcpp/rclcpp.hpp:155,\n'}
[17.132369] (ydlidar_ros2_driver) StderrLine: {'line': b'                 from /root/robot1_ws/src/ydlidar_ros2_driver/src/ydlidar_ros2_driver_node.cpp:23:\n'}
[17.133067] (ydlidar_ros2_driver) StderrLine: {'line': b'/opt/ros/humble/include/rclcpp/rclcpp/node.hpp:366:3: note: candidate: \xe2\x80\x98const rclcpp::ParameterValue& rclcpp::Node::declare_parameter(const string&, const rclcpp::ParameterValue&, const ParameterDescriptor&, bool)\xe2\x80\x99\n'}
[17.133861] (ydlidar_ros2_driver) StderrLine: {'line': b'  366 |   declare_parameter(\n'}
[17.134524] (ydlidar_ros2_driver) StderrLine: {'line': b'      |   ^~~~~~~~~~~~~~~~~\n'}
[17.135206] (ydlidar_ros2_driver) StderrLine: {'line': b'/opt/ros/humble/include/rclcpp/rclcpp/node.hpp:366:3: note:   candidate expects 4 arguments, 1 provided\n'}
[17.135910] (ydlidar_ros2_driver) StderrLine: {'line': b'/opt/ros/humble/include/rclcpp/rclcpp/node.hpp:391:3: note: candidate: \xe2\x80\x98const rclcpp::ParameterValue& rclcpp::Node::declare_parameter(const string&, rclcpp::ParameterType, const ParameterDescriptor&, bool)\xe2\x80\x99\n'}
[17.136622] (ydlidar_ros2_driver) StderrLine: {'line': b'  391 |   declare_parameter(\n'}
[17.137392] (ydlidar_ros2_driver) StderrLine: {'line': b'      |   ^~~~~~~~~~~~~~~~~\n'}
[17.138115] (ydlidar_ros2_driver) StderrLine: {'line': b'/opt/ros/humble/include/rclcpp/rclcpp/node.hpp:391:3: note:   candidate expects 4 arguments, 1 provided\n'}
[17.138815] (ydlidar_ros2_driver) StderrLine: {'line': b'/root/robot1_ws/src/ydlidar_ros2_driver/src/ydlidar_ros2_driver_node.cpp:168:28: error: no matching function for call to \xe2\x80\x98rclcpp::Node::declare_parameter(const char [8])\xe2\x80\x99\n'}
[17.139498] (ydlidar_ros2_driver) StderrLine: {'line': b'  168 |     node->declare_parameter("m1_mode");\n'}
[17.140213] (ydlidar_ros2_driver) StderrLine: {'line': b'      |     ~~~~~~~~~~~~~~~~~~~~~~~^~~~~~~~~~~\n'}
[17.140937] (ydlidar_ros2_driver) StderrLine: {'line': b'In file included from /opt/ros/humble/include/rclcpp/rclcpp/executors/single_threaded_executor.hpp:28,\n'}
[17.141735] (ydlidar_ros2_driver) StderrLine: {'line': b'                 from /opt/ros/humble/include/rclcpp/rclcpp/executors.hpp:22,\n'}
[17.142443] (ydlidar_ros2_driver) StderrLine: {'line': b'                 from /opt/ros/humble/include/rclcpp/rclcpp/rclcpp.hpp:155,\n'}
[17.143148] (ydlidar_ros2_driver) StderrLine: {'line': b'                 from /root/robot1_ws/src/ydlidar_ros2_driver/src/ydlidar_ros2_driver_node.cpp:23:\n'}
[17.143879] (ydlidar_ros2_driver) StderrLine: {'line': b'/opt/ros/humble/include/rclcpp/rclcpp/node.hpp:421:3: note: candidate: \xe2\x80\x98template<class ParameterT> auto rclcpp::Node::declare_parameter(const string&, const ParameterT&, const ParameterDescriptor&, bool)\xe2\x80\x99\n'}
[17.144583] (ydlidar_ros2_driver) StderrLine: {'line': b'  421 |   declare_parameter(\n'}
[17.145314] (ydlidar_ros2_driver) StderrLine: {'line': b'      |   ^~~~~~~~~~~~~~~~~\n'}
[17.145991] (ydlidar_ros2_driver) StderrLine: {'line': b'/opt/ros/humble/include/rclcpp/rclcpp/node.hpp:421:3: note:   template argument deduction/substitution failed:\n'}
[17.146680] (ydlidar_ros2_driver) StderrLine: {'line': b'/root/robot1_ws/src/ydlidar_ros2_driver/src/ydlidar_ros2_driver_node.cpp:168:28: note:   candidate expects 4 arguments, 1 provided\n'}
[17.147400] (ydlidar_ros2_driver) StderrLine: {'line': b'  168 |     node->declare_parameter("m1_mode");\n'}
[17.148115] (ydlidar_ros2_driver) StderrLine: {'line': b'      |     ~~~~~~~~~~~~~~~~~~~~~~~^~~~~~~~~~~\n'}
[17.148799] (ydlidar_ros2_driver) StderrLine: {'line': b'In file included from /opt/ros/humble/include/rclcpp/rclcpp/executors/single_threaded_executor.hpp:28,\n'}
[17.149573] (ydlidar_ros2_driver) StderrLine: {'line': b'                 from /opt/ros/humble/include/rclcpp/rclcpp/executors.hpp:22,\n'}
[17.150286] (ydlidar_ros2_driver) StderrLine: {'line': b'                 from /opt/ros/humble/include/rclcpp/rclcpp/rclcpp.hpp:155,\n'}
[17.150997] (ydlidar_ros2_driver) StderrLine: {'line': b'                 from /root/robot1_ws/src/ydlidar_ros2_driver/src/ydlidar_ros2_driver_node.cpp:23:\n'}
[17.151749] (ydlidar_ros2_driver) StderrLine: {'line': b'/opt/ros/humble/include/rclcpp/rclcpp/node.hpp:434:3: note: candidate: \xe2\x80\x98template<class ParameterT> auto rclcpp::Node::declare_parameter(const string&, const ParameterDescriptor&, bool)\xe2\x80\x99\n'}
[17.152470] (ydlidar_ros2_driver) StderrLine: {'line': b'  434 |   declare_parameter(\n'}
[17.153252] (ydlidar_ros2_driver) StderrLine: {'line': b'      |   ^~~~~~~~~~~~~~~~~\n'}
[17.153966] (ydlidar_ros2_driver) StderrLine: {'line': b'/opt/ros/humble/include/rclcpp/rclcpp/node.hpp:434:3: note:   template argument deduction/substitution failed:\n'}
[17.154691] (ydlidar_ros2_driver) StderrLine: {'line': b'/root/robot1_ws/src/ydlidar_ros2_driver/src/ydlidar_ros2_driver_node.cpp:168:28: note:   couldn\xe2\x80\x99t deduce template parameter \xe2\x80\x98ParameterT\xe2\x80\x99\n'}
[17.155410] (ydlidar_ros2_driver) StderrLine: {'line': b'  168 |     node->declare_parameter("m1_mode");\n'}
[17.156110] (ydlidar_ros2_driver) StderrLine: {'line': b'      |     ~~~~~~~~~~~~~~~~~~~~~~~^~~~~~~~~~~\n'}
[17.156808] (ydlidar_ros2_driver) StderrLine: {'line': b'In file included from /opt/ros/humble/include/rclcpp/rclcpp/executors/single_threaded_executor.hpp:28,\n'}
[17.157603] (ydlidar_ros2_driver) StderrLine: {'line': b'                 from /opt/ros/humble/include/rclcpp/rclcpp/executors.hpp:22,\n'}
[17.158312] (ydlidar_ros2_driver) StderrLine: {'line': b'                 from /opt/ros/humble/include/rclcpp/rclcpp/rclcpp.hpp:155,\n'}
[17.159018] (ydlidar_ros2_driver) StderrLine: {'line': b'                 from /root/robot1_ws/src/ydlidar_ros2_driver/src/ydlidar_ros2_driver_node.cpp:23:\n'}
[17.159742] (ydlidar_ros2_driver) StderrLine: {'line': b'/opt/ros/humble/include/rclcpp/rclcpp/node.hpp:366:3: note: candidate: \xe2\x80\x98const rclcpp::ParameterValue& rclcpp::Node::declare_parameter(const string&, const rclcpp::ParameterValue&, const ParameterDescriptor&, bool)\xe2\x80\x99\n'}
[17.160466] (ydlidar_ros2_driver) StderrLine: {'line': b'  366 |   declare_parameter(\n'}
[17.161226] (ydlidar_ros2_driver) StderrLine: {'line': b'      |   ^~~~~~~~~~~~~~~~~\n'}
[17.161996] (ydlidar_ros2_driver) StderrLine: {'line': b'/opt/ros/humble/include/rclcpp/rclcpp/node.hpp:366:3: note:   candidate expects 4 arguments, 1 provided\n'}
[17.162728] (ydlidar_ros2_driver) StderrLine: {'line': b'/opt/ros/humble/include/rclcpp/rclcpp/node.hpp:391:3: note: candidate: \xe2\x80\x98const rclcpp::ParameterValue& rclcpp::Node::declare_parameter(const string&, rclcpp::ParameterType, const ParameterDescriptor&, bool)\xe2\x80\x99\n'}
[17.163452] (ydlidar_ros2_driver) StderrLine: {'line': b'  391 |   declare_parameter(\n'}
[17.164141] (ydlidar_ros2_driver) StderrLine: {'line': b'      |   ^~~~~~~~~~~~~~~~~\n'}
[17.164850] (ydlidar_ros2_driver) StderrLine: {'line': b'/opt/ros/humble/include/rclcpp/rclcpp/node.hpp:391:3: note:   candidate expects 4 arguments, 1 provided\n'}
[17.165633] (ydlidar_ros2_driver) StderrLine: {'line': b'/root/robot1_ws/src/ydlidar_ros2_driver/src/ydlidar_ros2_driver_node.cpp:172:28: error: no matching function for call to \xe2\x80\x98rclcpp::Node::declare_parameter(const char [8])\xe2\x80\x99\n'}
[17.166358] (ydlidar_ros2_driver) StderrLine: {'line': b'  172 |     node->declare_parameter("m2_mode");\n'}
[17.167061] (ydlidar_ros2_driver) StderrLine: {'line': b'      |     ~~~~~~~~~~~~~~~~~~~~~~~^~~~~~~~~~~\n'}
[17.167774] (ydlidar_ros2_driver) StderrLine: {'line': b'In file included from /opt/ros/humble/include/rclcpp/rclcpp/executors/single_threaded_executor.hpp:28,\n'}
[17.168490] (ydlidar_ros2_driver) StderrLine: {'line': b'                 from /opt/ros/humble/include/rclcpp/rclcpp/executors.hpp:22,\n'}
[17.169229] (ydlidar_ros2_driver) StderrLine: {'line': b'                 from /opt/ros/humble/include/rclcpp/rclcpp/rclcpp.hpp:155,\n'}
[17.169926] (ydlidar_ros2_driver) StderrLine: {'line': b'                 from /root/robot1_ws/src/ydlidar_ros2_driver/src/ydlidar_ros2_driver_node.cpp:23:\n'}
[17.170579] (ydlidar_ros2_driver) StderrLine: {'line': b'/opt/ros/humble/include/rclcpp/rclcpp/node.hpp:421:3: note: candidate: \xe2\x80\x98template<class ParameterT> auto rclcpp::Node::declare_parameter(const string&, const ParameterT&, const ParameterDescriptor&, bool)\xe2\x80\x99\n'}
[17.171282] (ydlidar_ros2_driver) StderrLine: {'line': b'  421 |   declare_parameter(\n'}
[17.171981] (ydlidar_ros2_driver) StderrLine: {'line': b'      |   ^~~~~~~~~~~~~~~~~\n'}
[17.172688] (ydlidar_ros2_driver) StderrLine: {'line': b'/opt/ros/humble/include/rclcpp/rclcpp/node.hpp:421:3: note:   template argument deduction/substitution failed:\n'}
[17.173465] (ydlidar_ros2_driver) StderrLine: {'line': b'/root/robot1_ws/src/ydlidar_ros2_driver/src/ydlidar_ros2_driver_node.cpp:172:28: note:   candidate expects 4 arguments, 1 provided\n'}
[17.174171] (ydlidar_ros2_driver) StderrLine: {'line': b'  172 |     node->declare_parameter("m2_mode");\n'}
[17.174882] (ydlidar_ros2_driver) StderrLine: {'line': b'      |     ~~~~~~~~~~~~~~~~~~~~~~~^~~~~~~~~~~\n'}
[17.175571] (ydlidar_ros2_driver) StderrLine: {'line': b'In file included from /opt/ros/humble/include/rclcpp/rclcpp/executors/single_threaded_executor.hpp:28,\n'}
[17.176266] (ydlidar_ros2_driver) StderrLine: {'line': b'                 from /opt/ros/humble/include/rclcpp/rclcpp/executors.hpp:22,\n'}
[17.176914] (ydlidar_ros2_driver) StderrLine: {'line': b'                 from /opt/ros/humble/include/rclcpp/rclcpp/rclcpp.hpp:155,\n'}
[17.177612] (ydlidar_ros2_driver) StderrLine: {'line': b'                 from /root/robot1_ws/src/ydlidar_ros2_driver/src/ydlidar_ros2_driver_node.cpp:23:\n'}
[17.178301] (ydlidar_ros2_driver) StderrLine: {'line': b'/opt/ros/humble/include/rclcpp/rclcpp/node.hpp:434:3: note: candidate: \xe2\x80\x98template<class ParameterT> auto rclcpp::Node::declare_parameter(const string&, const ParameterDescriptor&, bool)\xe2\x80\x99\n'}
[17.179012] (ydlidar_ros2_driver) StderrLine: {'line': b'  434 |   declare_parameter(\n'}
[17.179717] (ydlidar_ros2_driver) StderrLine: {'line': b'      |   ^~~~~~~~~~~~~~~~~\n'}
[17.180424] (ydlidar_ros2_driver) StderrLine: {'line': b'/opt/ros/humble/include/rclcpp/rclcpp/node.hpp:434:3: note:   template argument deduction/substitution failed:\n'}
[17.181186] (ydlidar_ros2_driver) StderrLine: {'line': b'/root/robot1_ws/src/ydlidar_ros2_driver/src/ydlidar_ros2_driver_node.cpp:172:28: note:   couldn\xe2\x80\x99t deduce template parameter \xe2\x80\x98ParameterT\xe2\x80\x99\n'}
[17.181968] (ydlidar_ros2_driver) StderrLine: {'line': b'  172 |     node->declare_parameter("m2_mode");\n'}
[17.182659] (ydlidar_ros2_driver) StderrLine: {'line': b'      |     ~~~~~~~~~~~~~~~~~~~~~~~^~~~~~~~~~~\n'}
[17.183349] (ydlidar_ros2_driver) StderrLine: {'line': b'In file included from /opt/ros/humble/include/rclcpp/rclcpp/executors/single_threaded_executor.hpp:28,\n'}
[17.184074] (ydlidar_ros2_driver) StderrLine: {'line': b'                 from /opt/ros/humble/include/rclcpp/rclcpp/executors.hpp:22,\n'}
[17.184788] (ydlidar_ros2_driver) StderrLine: {'line': b'                 from /opt/ros/humble/include/rclcpp/rclcpp/rclcpp.hpp:155,\n'}
[17.185608] (ydlidar_ros2_driver) StderrLine: {'line': b'                 from /root/robot1_ws/src/ydlidar_ros2_driver/src/ydlidar_ros2_driver_node.cpp:23:\n'}
[17.186322] (ydlidar_ros2_driver) StderrLine: {'line': b'/opt/ros/humble/include/rclcpp/rclcpp/node.hpp:366:3: note: candidate: \xe2\x80\x98const rclcpp::ParameterValue& rclcpp::Node::declare_parameter(const string&, const rclcpp::ParameterValue&, const ParameterDescriptor&, bool)\xe2\x80\x99\n'}
[17.187034] (ydlidar_ros2_driver) StderrLine: {'line': b'  366 |   declare_parameter(\n'}
[17.187700] (ydlidar_ros2_driver) StderrLine: {'line': b'      |   ^~~~~~~~~~~~~~~~~\n'}
[17.188363] (ydlidar_ros2_driver) StderrLine: {'line': b'/opt/ros/humble/include/rclcpp/rclcpp/node.hpp:366:3: note:   candidate expects 4 arguments, 1 provided\n'}
[17.188979] (-) TimerEvent: {}
[17.189240] (ydlidar_ros2_driver) StderrLine: {'line': b'/opt/ros/humble/include/rclcpp/rclcpp/node.hpp:391:3: note: candidate: \xe2\x80\x98const rclcpp::ParameterValue& rclcpp::Node::declare_parameter(const string&, rclcpp::ParameterType, const ParameterDescriptor&, bool)\xe2\x80\x99\n'}
[17.189992] (ydlidar_ros2_driver) StderrLine: {'line': b'  391 |   declare_parameter(\n'}
[17.190691] (ydlidar_ros2_driver) StderrLine: {'line': b'      |   ^~~~~~~~~~~~~~~~~\n'}
[17.191381] (ydlidar_ros2_driver) StderrLine: {'line': b'/opt/ros/humble/include/rclcpp/rclcpp/node.hpp:391:3: note:   candidate expects 4 arguments, 1 provided\n'}
[17.192121] (ydlidar_ros2_driver) StderrLine: {'line': b'/root/robot1_ws/src/ydlidar_ros2_driver/src/ydlidar_ros2_driver_node.cpp:176:28: error: no matching function for call to \xe2\x80\x98rclcpp::Node::declare_parameter(const char [8])\xe2\x80\x99\n'}
[17.192833] (ydlidar_ros2_driver) StderrLine: {'line': b'  176 |     node->declare_parameter("m3_mode");\n'}
[17.193624] (ydlidar_ros2_driver) StderrLine: {'line': b'      |     ~~~~~~~~~~~~~~~~~~~~~~~^~~~~~~~~~~\n'}
[17.194335] (ydlidar_ros2_driver) StderrLine: {'line': b'In file included from /opt/ros/humble/include/rclcpp/rclcpp/executors/single_threaded_executor.hpp:28,\n'}
[17.195040] (ydlidar_ros2_driver) StderrLine: {'line': b'                 from /opt/ros/humble/include/rclcpp/rclcpp/executors.hpp:22,\n'}
[17.195745] (ydlidar_ros2_driver) StderrLine: {'line': b'                 from /opt/ros/humble/include/rclcpp/rclcpp/rclcpp.hpp:155,\n'}
[17.196453] (ydlidar_ros2_driver) StderrLine: {'line': b'                 from /root/robot1_ws/src/ydlidar_ros2_driver/src/ydlidar_ros2_driver_node.cpp:23:\n'}
[17.197198] (ydlidar_ros2_driver) StderrLine: {'line': b'/opt/ros/humble/include/rclcpp/rclcpp/node.hpp:421:3: note: candidate: \xe2\x80\x98template<class ParameterT> auto rclcpp::Node::declare_parameter(const string&, const ParameterT&, const ParameterDescriptor&, bool)\xe2\x80\x99\n'}
[17.197959] (ydlidar_ros2_driver) StderrLine: {'line': b'  421 |   declare_parameter(\n'}
[17.198664] (ydlidar_ros2_driver) StderrLine: {'line': b'      |   ^~~~~~~~~~~~~~~~~\n'}
[17.199396] (ydlidar_ros2_driver) StderrLine: {'line': b'/opt/ros/humble/include/rclcpp/rclcpp/node.hpp:421:3: note:   template argument deduction/substitution failed:\n'}
[17.200094] (ydlidar_ros2_driver) StderrLine: {'line': b'/root/robot1_ws/src/ydlidar_ros2_driver/src/ydlidar_ros2_driver_node.cpp:176:28: note:   candidate expects 4 arguments, 1 provided\n'}
[17.200781] (ydlidar_ros2_driver) StderrLine: {'line': b'  176 |     node->declare_parameter("m3_mode");\n'}
[17.201546] (ydlidar_ros2_driver) StderrLine: {'line': b'      |     ~~~~~~~~~~~~~~~~~~~~~~~^~~~~~~~~~~\n'}
[17.202243] (ydlidar_ros2_driver) StderrLine: {'line': b'In file included from /opt/ros/humble/include/rclcpp/rclcpp/executors/single_threaded_executor.hpp:28,\n'}
[17.202921] (ydlidar_ros2_driver) StderrLine: {'line': b'                 from /opt/ros/humble/include/rclcpp/rclcpp/executors.hpp:22,\n'}
[17.203666] (ydlidar_ros2_driver) StderrLine: {'line': b'                 from /opt/ros/humble/include/rclcpp/rclcpp/rclcpp.hpp:155,\n'}
[17.204366] (ydlidar_ros2_driver) StderrLine: {'line': b'                 from /root/robot1_ws/src/ydlidar_ros2_driver/src/ydlidar_ros2_driver_node.cpp:23:\n'}
[17.205121] (ydlidar_ros2_driver) StderrLine: {'line': b'/opt/ros/humble/include/rclcpp/rclcpp/node.hpp:434:3: note: candidate: \xe2\x80\x98template<class ParameterT> auto rclcpp::Node::declare_parameter(const string&, const ParameterDescriptor&, bool)\xe2\x80\x99\n'}
[17.205885] (ydlidar_ros2_driver) StderrLine: {'line': b'  434 |   declare_parameter(\n'}
[17.206579] (ydlidar_ros2_driver) StderrLine: {'line': b'      |   ^~~~~~~~~~~~~~~~~\n'}
[17.207255] (ydlidar_ros2_driver) StderrLine: {'line': b'/opt/ros/humble/include/rclcpp/rclcpp/node.hpp:434:3: note:   template argument deduction/substitution failed:\n'}
[17.207948] (ydlidar_ros2_driver) StderrLine: {'line': b'/root/robot1_ws/src/ydlidar_ros2_driver/src/ydlidar_ros2_driver_node.cpp:176:28: note:   couldn\xe2\x80\x99t deduce template parameter \xe2\x80\x98ParameterT\xe2\x80\x99\n'}
[17.208664] (ydlidar_ros2_driver) StderrLine: {'line': b'  176 |     node->declare_parameter("m3_mode");\n'}
[17.209430] (ydlidar_ros2_driver) StderrLine: {'line': b'      |     ~~~~~~~~~~~~~~~~~~~~~~~^~~~~~~~~~~\n'}
[17.210129] (ydlidar_ros2_driver) StderrLine: {'line': b'In file included from /opt/ros/humble/include/rclcpp/rclcpp/executors/single_threaded_executor.hpp:28,\n'}
[17.210815] (ydlidar_ros2_driver) StderrLine: {'line': b'                 from /opt/ros/humble/include/rclcpp/rclcpp/executors.hpp:22,\n'}
[17.211537] (ydlidar_ros2_driver) StderrLine: {'line': b'                 from /opt/ros/humble/include/rclcpp/rclcpp/rclcpp.hpp:155,\n'}
[17.212211] (ydlidar_ros2_driver) StderrLine: {'line': b'                 from /root/robot1_ws/src/ydlidar_ros2_driver/src/ydlidar_ros2_driver_node.cpp:23:\n'}
[17.212927] (ydlidar_ros2_driver) StderrLine: {'line': b'/opt/ros/humble/include/rclcpp/rclcpp/node.hpp:366:3: note: candidate: \xe2\x80\x98const rclcpp::ParameterValue& rclcpp::Node::declare_parameter(const string&, const rclcpp::ParameterValue&, const ParameterDescriptor&, bool)\xe2\x80\x99\n'}
[17.213733] (ydlidar_ros2_driver) StderrLine: {'line': b'  366 |   declare_parameter(\n'}
[17.214442] (ydlidar_ros2_driver) StderrLine: {'line': b'      |   ^~~~~~~~~~~~~~~~~\n'}
[17.215163] (ydlidar_ros2_driver) StderrLine: {'line': b'/opt/ros/humble/include/rclcpp/rclcpp/node.hpp:366:3: note:   candidate expects 4 arguments, 1 provided\n'}
[17.215927] (ydlidar_ros2_driver) StderrLine: {'line': b'/opt/ros/humble/include/rclcpp/rclcpp/node.hpp:391:3: note: candidate: \xe2\x80\x98const rclcpp::ParameterValue& rclcpp::Node::declare_parameter(const string&, rclcpp::ParameterType, const ParameterDescriptor&, bool)\xe2\x80\x99\n'}
[17.216660] (ydlidar_ros2_driver) StderrLine: {'line': b'  391 |   declare_parameter(\n'}
[17.217443] (ydlidar_ros2_driver) StderrLine: {'line': b'      |   ^~~~~~~~~~~~~~~~~\n'}
[17.218198] (ydlidar_ros2_driver) StderrLine: {'line': b'/opt/ros/humble/include/rclcpp/rclcpp/node.hpp:391:3: note:   candidate expects 4 arguments, 1 provided\n'}
[17.218900] (ydlidar_ros2_driver) StderrLine: {'line': b'/root/robot1_ws/src/ydlidar_ros2_driver/src/ydlidar_ros2_driver_node.cpp: In lambda function:\n'}
[17.219588] (ydlidar_ros2_driver) StderrLine: {'line': b'/root/robot1_ws/src/ydlidar_ros2_driver/src/ydlidar_ros2_driver_node.cpp:190:54: warning: unused parameter \xe2\x80\x98request_header\xe2\x80\x99 [-Wunused-parameter]\n'}
[17.220282] (ydlidar_ros2_driver) StderrLine: {'line': b'  190 |     [&laser](const std::shared_ptr<rmw_request_id_t> request_header,\n'}
[17.220980] (ydlidar_ros2_driver) StderrLine: {'line': b'      |              ~~~~~~~~~~~~~~~~~~~~~~~~~~~~~~~~~~~~~~~~^~~~~~~~~~~~~~\n'}
[17.221761] (ydlidar_ros2_driver) StderrLine: {'line': b'/root/robot1_ws/src/ydlidar_ros2_driver/src/ydlidar_ros2_driver_node.cpp:191:56: warning: unused parameter \xe2\x80\x98req\xe2\x80\x99 [-Wunused-parameter]\n'}
[17.222464] (ydlidar_ros2_driver) StderrLine: {'line': b'  191 |   const std::shared_ptr<std_srvs::srv::Empty::Request> req,\n'}
[17.223153] (ydlidar_ros2_driver) StderrLine: {'line': b'      |   ~~~~~~~~~~~~~~~~~~~~~~~~~~~~~~~~~~~~~~~~~~~~~~~~~~~~~^~~\n'}
[17.223875] (ydlidar_ros2_driver) StderrLine: {'line': b'/root/robot1_ws/src/ydlidar_ros2_driver/src/ydlidar_ros2_driver_node.cpp:192:51: warning: unused parameter \xe2\x80\x98response\xe2\x80\x99 [-Wunused-parameter]\n'}
[17.224605] (ydlidar_ros2_driver) StderrLine: {'line': b'  192 |   std::shared_ptr<std_srvs::srv::Empty::Response> response) -> bool\n'}
[17.225347] (ydlidar_ros2_driver) StderrLine: {'line': b'      |   ~~~~~~~~~~~~~~~~~~~~~~~~~~~~~~~~~~~~~~~~~~~~~~~~^~~~~~~~\n'}
[17.226052] (ydlidar_ros2_driver) StderrLine: {'line': b'/root/robot1_ws/src/ydlidar_ros2_driver/src/ydlidar_ros2_driver_node.cpp: In lambda function:\n'}
[17.226731] (ydlidar_ros2_driver) StderrLine: {'line': b'/root/robot1_ws/src/ydlidar_ros2_driver/src/ydlidar_ros2_driver_node.cpp:200:54: warning: unused parameter \xe2\x80\x98request_header\xe2\x80\x99 [-Wunused-parameter]\n'}
[17.227406] (ydlidar_ros2_driver) StderrLine: {'line': b'  200 |     [&laser](const std::shared_ptr<rmw_request_id_t> request_header,\n'}
[17.228126] (ydlidar_ros2_driver) StderrLine: {'line': b'      |              ~~~~~~~~~~~~~~~~~~~~~~~~~~~~~~~~~~~~~~~~^~~~~~~~~~~~~~\n'}
[17.228850] (ydlidar_ros2_driver) StderrLine: {'line': b'/root/robot1_ws/src/ydlidar_ros2_driver/src/ydlidar_ros2_driver_node.cpp:201:56: warning: unused parameter \xe2\x80\x98req\xe2\x80\x99 [-Wunused-parameter]\n'}
[17.229667] (ydlidar_ros2_driver) StderrLine: {'line': b'  201 |   const std::shared_ptr<std_srvs::srv::Empty::Request> req,\n'}
[17.230352] (ydlidar_ros2_driver) StderrLine: {'line': b'      |   ~~~~~~~~~~~~~~~~~~~~~~~~~~~~~~~~~~~~~~~~~~~~~~~~~~~~~^~~\n'}
[17.231012] (ydlidar_ros2_driver) StderrLine: {'line': b'/root/robot1_ws/src/ydlidar_ros2_driver/src/ydlidar_ros2_driver_node.cpp:202:51: warning: unused parameter \xe2\x80\x98response\xe2\x80\x99 [-Wunused-parameter]\n'}
[17.231776] (ydlidar_ros2_driver) StderrLine: {'line': b'  202 |   std::shared_ptr<std_srvs::srv::Empty::Response> response) -> bool\n'}
[17.232519] (ydlidar_ros2_driver) StderrLine: {'line': b'      |   ~~~~~~~~~~~~~~~~~~~~~~~~~~~~~~~~~~~~~~~~~~~~~~~~^~~~~~~~\n'}
[17.233327] (ydlidar_ros2_driver) StderrLine: {'line': b'/root/robot1_ws/src/ydlidar_ros2_driver/src/ydlidar_ros2_driver_node.cpp: In function \xe2\x80\x98int main(int, char**)\xe2\x80\x99:\n'}
[17.234033] (ydlidar_ros2_driver) StderrLine: {'line': b'/root/robot1_ws/src/ydlidar_ros2_driver/src/ydlidar_ros2_driver_node.cpp:235:21: warning: unused variable \xe2\x80\x98p\xe2\x80\x99 [-Wunused-variable]\n'}
[17.234702] (ydlidar_ros2_driver) StderrLine: {'line': b'  235 |         const auto& p = scan.points.at(i);\n'}
[17.235363] (ydlidar_ros2_driver) StderrLine: {'line': b'      |                     ^\n'}
[17.289213] (-) TimerEvent: {}
[17.389702] (-) TimerEvent: {}
[17.490197] (-) TimerEvent: {}
[17.590672] (-) TimerEvent: {}
[17.691156] (-) TimerEvent: {}
[17.791642] (-) TimerEvent: {}
[17.892116] (-) TimerEvent: {}
[17.992574] (-) TimerEvent: {}
[18.093118] (-) TimerEvent: {}
[18.193665] (-) TimerEvent: {}
[18.294164] (-) TimerEvent: {}
[18.394671] (-) TimerEvent: {}
[18.495190] (-) TimerEvent: {}
[18.595739] (-) TimerEvent: {}
[18.696318] (-) TimerEvent: {}
[18.796849] (-) TimerEvent: {}
[18.897414] (-) TimerEvent: {}
[18.997991] (-) TimerEvent: {}
[19.098561] (-) TimerEvent: {}
[19.199109] (-) TimerEvent: {}
[19.299650] (-) TimerEvent: {}
[19.400231] (-) TimerEvent: {}
[19.500807] (-) TimerEvent: {}
[19.601367] (-) TimerEvent: {}
[19.701934] (-) TimerEvent: {}
[19.802436] (-) TimerEvent: {}
[19.903023] (-) TimerEvent: {}
[20.003681] (-) TimerEvent: {}
[20.104264] (-) TimerEvent: {}
[20.204790] (-) TimerEvent: {}
[20.305433] (-) TimerEvent: {}
[20.406003] (-) TimerEvent: {}
[20.506738] (-) TimerEvent: {}
[20.607314] (-) TimerEvent: {}
[20.707871] (-) TimerEvent: {}
[20.808744] (-) TimerEvent: {}
[20.909363] (-) TimerEvent: {}
[21.009905] (-) TimerEvent: {}
[21.110410] (-) TimerEvent: {}
[21.210942] (-) TimerEvent: {}
[21.311437] (-) TimerEvent: {}
[21.411947] (-) TimerEvent: {}
[21.512422] (-) TimerEvent: {}
[21.612904] (-) TimerEvent: {}
[21.713449] (-) TimerEvent: {}
[21.813942] (-) TimerEvent: {}
[21.914426] (-) TimerEvent: {}
[22.014912] (-) TimerEvent: {}
[22.115393] (-) TimerEvent: {}
[22.215877] (-) TimerEvent: {}
[22.316380] (-) TimerEvent: {}
[22.416865] (-) TimerEvent: {}
[22.517369] (-) TimerEvent: {}
[22.617818] (-) TimerEvent: {}
[22.718294] (-) TimerEvent: {}
[22.818776] (-) TimerEvent: {}
[22.919324] (-) TimerEvent: {}
[23.019858] (-) TimerEvent: {}
[23.120434] (-) TimerEvent: {}
[23.221070] (-) TimerEvent: {}
[23.321696] (-) TimerEvent: {}
[23.389117] (ydlidar_ros2_driver) StderrLine: {'line': b'gmake[2]: *** [CMakeFiles/ydlidar_ros2_driver_node.dir/build.make:76: CMakeFiles/ydlidar_ros2_driver_node.dir/src/ydlidar_ros2_driver_node.cpp.o] Error 1\n'}
[23.390521] (ydlidar_ros2_driver) StderrLine: {'line': b'gmake[1]: *** [CMakeFiles/Makefile2:139: CMakeFiles/ydlidar_ros2_driver_node.dir/all] Error 2\n'}
[23.391824] (ydlidar_ros2_driver) StderrLine: {'line': b'gmake: *** [Makefile:146: all] Error 2\n'}
[23.399121] (ydlidar_ros2_driver) CommandEnded: {'returncode': 2}
[23.425230] (-) TimerEvent: {}
[23.488890] (ydlidar_ros2_driver) JobEnded: {'identifier': 'ydlidar_ros2_driver', 'rc': 2}
[23.501334] (-) EventReactorShutdown: {}
