[0.045s] Invoking command in '/root/robot1_ws/build/ydlidar_ros2_driver': CMAKE_PREFIX_PATH=/opt/ros/humble /usr/bin/cmake /root/robot1_ws/src/ydlidar_ros2_driver -DAMENT_CMAKE_SYMLINK_INSTALL=1 -DCMAKE_INSTALL_PREFIX=/root/robot1_ws/install/ydlidar_ros2_driver
[0.333s] -- The C compiler identification is GNU 11.2.0
[0.655s] -- The CXX compiler identification is GNU 11.2.0
[0.689s] -- Detecting C compiler ABI info
[1.016s] -- Detecting C compiler ABI info - done
[1.078s] -- Check for working C compiler: /usr/bin/cc - skipped
[1.080s] -- Detecting C compile features
[1.082s] -- Detecting C compile features - done
[1.100s] -- Detecting CXX compiler ABI info
[1.540s] -- Detecting CXX compiler ABI info - done
[1.604s] -- Check for working CXX compiler: /usr/bin/c++ - skipped
[1.606s] -- Detecting CXX compile features
[1.609s] -- Detecting CXX compile features - done
[1.625s] -- Found ament_cmake: 1.3.12 (/opt/ros/humble/share/ament_cmake/cmake)
[4.207s] -- Found Python3: /usr/bin/python3 (found version "3.10.12") found components: Interpreter 
[4.685s] -- Override CMake install command with custom implementation using symlinks instead of copying resources
[4.797s] -- Found rclcpp: 16.0.14 (/opt/ros/humble/share/rclcpp/cmake)
[5.035s] -- Found rosidl_generator_c: 3.1.7 (/opt/ros/humble/share/rosidl_generator_c/cmake)
[5.064s] -- Found rosidl_adapter: 3.1.7 (/opt/ros/humble/share/rosidl_adapter/cmake)
[5.118s] -- Found rosidl_generator_cpp: 3.1.7 (/opt/ros/humble/share/rosidl_generator_cpp/cmake)
[5.208s] -- Using all available rosidl_typesupport_c: rosidl_typesupport_fastrtps_c;rosidl_typesupport_introspection_c
[5.322s] -- Using all available rosidl_typesupport_cpp: rosidl_typesupport_fastrtps_cpp;rosidl_typesupport_introspection_cpp
[5.627s] -- Found rmw_implementation_cmake: 6.1.2 (/opt/ros/humble/share/rmw_implementation_cmake/cmake)
[5.642s] -- Found rmw_fastrtps_cpp: 6.2.8 (/opt/ros/humble/share/rmw_fastrtps_cpp/cmake)
[6.065s] -- Found OpenSSL: /usr/lib/aarch64-linux-gnu/libcrypto.so (found version "3.0.2")  
[6.208s] -- Found FastRTPS: /opt/ros/humble/include  
[6.426s] -- Using RMW implementation 'rmw_fastrtps_cpp' as default
[6.475s] -- Looking for pthread.h
[6.831s] -- Looking for pthread.h - found
[6.833s] -- Performing Test CMAKE_HAVE_LIBC_PTHREAD
[7.180s] -- Performing Test CMAKE_HAVE_LIBC_PTHREAD - Success
[7.186s] -- Found Threads: TRUE  
[7.756s] -- Found sensor_msgs: 4.9.0 (/opt/ros/humble/share/sensor_msgs/cmake)
[8.025s] -- Found visualization_msgs: 4.9.0 (/opt/ros/humble/share/visualization_msgs/cmake)
[8.215s] -- Found std_srvs: 4.9.0 (/opt/ros/humble/share/std_srvs/cmake)
[8.335s] -- Found ament_lint_auto: 0.12.14 (/opt/ros/humble/share/ament_lint_auto/cmake)
[8.972s] -- Added test 'copyright' to check source files copyright and LICENSE
[8.989s] -- Added test 'cppcheck' to perform static code analysis on C / C++ code
[8.992s] -- Configured cppcheck include dirs: /root/robot1_ws/src/ydlidar_ros2_driver/src
[8.993s] -- Configured cppcheck exclude dirs and/or files: 
[9.009s] -- Added test 'cpplint' to check C / C++ code against the Google style
[9.010s] -- Configured cpplint exclude dirs and/or files: 
[9.015s] -- Added test 'flake8' to check Python code syntax and style conventions
[9.021s] -- Added test 'lint_cmake' to check CMake code style
[9.026s] -- Added test 'pep257' to check Python code against some of the docstring style conventions in PEP 257
[9.041s] -- Added test 'uncrustify' to check C / C++ code style
[9.042s] -- Configured uncrustify additional arguments: 
[9.047s] -- Added test 'xmllint' to check XML markup files
[9.056s] -- Configuring done
[9.166s] -- Generating done
[9.208s] -- Build files have been written to: /root/robot1_ws/build/ydlidar_ros2_driver
[9.288s] Invoked command in '/root/robot1_ws/build/ydlidar_ros2_driver' returned '0': CMAKE_PREFIX_PATH=/opt/ros/humble /usr/bin/cmake /root/robot1_ws/src/ydlidar_ros2_driver -DAMENT_CMAKE_SYMLINK_INSTALL=1 -DCMAKE_INSTALL_PREFIX=/root/robot1_ws/install/ydlidar_ros2_driver
[9.300s] Invoking command in '/root/robot1_ws/build/ydlidar_ros2_driver': CMAKE_PREFIX_PATH=/opt/ros/humble /usr/bin/cmake --build /root/robot1_ws/build/ydlidar_ros2_driver -- -j4 -l4
[9.508s] [ 50%] Building CXX object CMakeFiles/ydlidar_ros2_driver_client.dir/src/ydlidar_ros2_driver_client.cpp.o
[9.509s] [ 50%] Building CXX object CMakeFiles/ydlidar_ros2_driver_node.dir/src/ydlidar_ros2_driver_node.cpp.o
[27.868s] /root/robot1_ws/src/ydlidar_ros2_driver/src/ydlidar_ros2_driver_node.cpp: In function ‘int main(int, char**)’:
[27.869s] /root/robot1_ws/src/ydlidar_ros2_driver/src/ydlidar_ros2_driver_node.cpp:44:26: error: no matching function for call to ‘rclcpp::Node::declare_parameter(const char [5])’
[27.870s]    44 |   node->declare_parameter("port");
[27.870s]       |   ~~~~~~~~~~~~~~~~~~~~~~~^~~~~~~~
[27.873s] In file included from /opt/ros/humble/include/rclcpp/rclcpp/executors/single_threaded_executor.hpp:28,
[27.874s]                  from /opt/ros/humble/include/rclcpp/rclcpp/executors.hpp:22,
[27.878s]                  from /opt/ros/humble/include/rclcpp/rclcpp/rclcpp.hpp:155,
[27.885s]                  from /root/robot1_ws/src/ydlidar_ros2_driver/src/ydlidar_ros2_driver_node.cpp:23:
[27.902s] /opt/ros/humble/include/rclcpp/rclcpp/node.hpp:421:3: note: candidate: ‘template<class ParameterT> auto rclcpp::Node::declare_parameter(const string&, const ParameterT&, const ParameterDescriptor&, bool)’
[27.915s]   421 |   declare_parameter(
[27.931s]       |   ^~~~~~~~~~~~~~~~~
[27.933s] /opt/ros/humble/include/rclcpp/rclcpp/node.hpp:421:3: note:   template argument deduction/substitution failed:
[27.934s] /root/robot1_ws/src/ydlidar_ros2_driver/src/ydlidar_ros2_driver_node.cpp:44:26: note:   candidate expects 4 arguments, 1 provided
[27.935s]    44 |   node->declare_parameter("port");
[27.935s]       |   ~~~~~~~~~~~~~~~~~~~~~~~^~~~~~~~
[27.936s] In file included from /opt/ros/humble/include/rclcpp/rclcpp/executors/single_threaded_executor.hpp:28,
[27.937s]                  from /opt/ros/humble/include/rclcpp/rclcpp/executors.hpp:22,
[27.938s]                  from /opt/ros/humble/include/rclcpp/rclcpp/rclcpp.hpp:155,
[27.939s]                  from /root/robot1_ws/src/ydlidar_ros2_driver/src/ydlidar_ros2_driver_node.cpp:23:
[27.940s] /opt/ros/humble/include/rclcpp/rclcpp/node.hpp:434:3: note: candidate: ‘template<class ParameterT> auto rclcpp::Node::declare_parameter(const string&, const ParameterDescriptor&, bool)’
[27.941s]   434 |   declare_parameter(
[27.942s]       |   ^~~~~~~~~~~~~~~~~
[27.943s] /opt/ros/humble/include/rclcpp/rclcpp/node.hpp:434:3: note:   template argument deduction/substitution failed:
[27.944s] /root/robot1_ws/src/ydlidar_ros2_driver/src/ydlidar_ros2_driver_node.cpp:44:26: note:   couldn’t deduce template parameter ‘ParameterT’
[27.945s]    44 |   node->declare_parameter("port");
[27.946s]       |   ~~~~~~~~~~~~~~~~~~~~~~~^~~~~~~~
[27.946s] In file included from /opt/ros/humble/include/rclcpp/rclcpp/executors/single_threaded_executor.hpp:28,
[27.947s]                  from /opt/ros/humble/include/rclcpp/rclcpp/executors.hpp:22,
[27.948s]                  from /opt/ros/humble/include/rclcpp/rclcpp/rclcpp.hpp:155,
[27.949s]                  from /root/robot1_ws/src/ydlidar_ros2_driver/src/ydlidar_ros2_driver_node.cpp:23:
[27.950s] /opt/ros/humble/include/rclcpp/rclcpp/node.hpp:366:3: note: candidate: ‘const rclcpp::ParameterValue& rclcpp::Node::declare_parameter(const string&, const rclcpp::ParameterValue&, const ParameterDescriptor&, bool)’
[27.951s]   366 |   declare_parameter(
[27.952s]       |   ^~~~~~~~~~~~~~~~~
[27.953s] /opt/ros/humble/include/rclcpp/rclcpp/node.hpp:366:3: note:   candidate expects 4 arguments, 1 provided
[27.954s] /opt/ros/humble/include/rclcpp/rclcpp/node.hpp:391:3: note: candidate: ‘const rclcpp::ParameterValue& rclcpp::Node::declare_parameter(const string&, rclcpp::ParameterType, const ParameterDescriptor&, bool)’
[27.955s]   391 |   declare_parameter(
[27.955s]       |   ^~~~~~~~~~~~~~~~~
[27.956s] /opt/ros/humble/include/rclcpp/rclcpp/node.hpp:391:3: note:   candidate expects 4 arguments, 1 provided
[27.957s] /root/robot1_ws/src/ydlidar_ros2_driver/src/ydlidar_ros2_driver_node.cpp:51:26: error: no matching function for call to ‘rclcpp::Node::declare_parameter(const char [13])’
[27.958s]    51 |   node->declare_parameter("ignore_array");
[27.959s]       |   ~~~~~~~~~~~~~~~~~~~~~~~^~~~~~~~~~~~~~~~
[27.960s] In file included from /opt/ros/humble/include/rclcpp/rclcpp/executors/single_threaded_executor.hpp:28,
[27.961s]                  from /opt/ros/humble/include/rclcpp/rclcpp/executors.hpp:22,
[27.962s]                  from /opt/ros/humble/include/rclcpp/rclcpp/rclcpp.hpp:155,
[27.963s]                  from /root/robot1_ws/src/ydlidar_ros2_driver/src/ydlidar_ros2_driver_node.cpp:23:
[27.964s] /opt/ros/humble/include/rclcpp/rclcpp/node.hpp:421:3: note: candidate: ‘template<class ParameterT> auto rclcpp::Node::declare_parameter(const string&, const ParameterT&, const ParameterDescriptor&, bool)’
[27.965s]   421 |   declare_parameter(
[27.966s]       |   ^~~~~~~~~~~~~~~~~
[27.967s] /opt/ros/humble/include/rclcpp/rclcpp/node.hpp:421:3: note:   template argument deduction/substitution failed:
[27.968s] /root/robot1_ws/src/ydlidar_ros2_driver/src/ydlidar_ros2_driver_node.cpp:51:26: note:   candidate expects 4 arguments, 1 provided
[27.969s]    51 |   node->declare_parameter("ignore_array");
[27.970s]       |   ~~~~~~~~~~~~~~~~~~~~~~~^~~~~~~~~~~~~~~~
[27.971s] In file included from /opt/ros/humble/include/rclcpp/rclcpp/executors/single_threaded_executor.hpp:28,
[27.971s]                  from /opt/ros/humble/include/rclcpp/rclcpp/executors.hpp:22,
[27.972s]                  from /opt/ros/humble/include/rclcpp/rclcpp/rclcpp.hpp:155,
[27.973s]                  from /root/robot1_ws/src/ydlidar_ros2_driver/src/ydlidar_ros2_driver_node.cpp:23:
[27.974s] /opt/ros/humble/include/rclcpp/rclcpp/node.hpp:434:3: note: candidate: ‘template<class ParameterT> auto rclcpp::Node::declare_parameter(const string&, const ParameterDescriptor&, bool)’
[27.975s]   434 |   declare_parameter(
[27.976s]       |   ^~~~~~~~~~~~~~~~~
[27.977s] /opt/ros/humble/include/rclcpp/rclcpp/node.hpp:434:3: note:   template argument deduction/substitution failed:
[27.978s] /root/robot1_ws/src/ydlidar_ros2_driver/src/ydlidar_ros2_driver_node.cpp:51:26: note:   couldn’t deduce template parameter ‘ParameterT’
[27.979s]    51 |   node->declare_parameter("ignore_array");
[27.980s]       |   ~~~~~~~~~~~~~~~~~~~~~~~^~~~~~~~~~~~~~~~
[27.981s] In file included from /opt/ros/humble/include/rclcpp/rclcpp/executors/single_threaded_executor.hpp:28,
[27.982s]                  from /opt/ros/humble/include/rclcpp/rclcpp/executors.hpp:22,
[27.983s]                  from /opt/ros/humble/include/rclcpp/rclcpp/rclcpp.hpp:155,
[27.984s]                  from /root/robot1_ws/src/ydlidar_ros2_driver/src/ydlidar_ros2_driver_node.cpp:23:
[27.985s] /opt/ros/humble/include/rclcpp/rclcpp/node.hpp:366:3: note: candidate: ‘const rclcpp::ParameterValue& rclcpp::Node::declare_parameter(const string&, const rclcpp::ParameterValue&, const ParameterDescriptor&, bool)’
[27.986s]   366 |   declare_parameter(
[27.986s]       |   ^~~~~~~~~~~~~~~~~
[27.987s] /opt/ros/humble/include/rclcpp/rclcpp/node.hpp:366:3: note:   candidate expects 4 arguments, 1 provided
[27.988s] /opt/ros/humble/include/rclcpp/rclcpp/node.hpp:391:3: note: candidate: ‘const rclcpp::ParameterValue& rclcpp::Node::declare_parameter(const string&, rclcpp::ParameterType, const ParameterDescriptor&, bool)’
[27.989s]   391 |   declare_parameter(
[27.990s]       |   ^~~~~~~~~~~~~~~~~
[27.990s] /opt/ros/humble/include/rclcpp/rclcpp/node.hpp:391:3: note:   candidate expects 4 arguments, 1 provided
[27.991s] /root/robot1_ws/src/ydlidar_ros2_driver/src/ydlidar_ros2_driver_node.cpp:56:26: error: no matching function for call to ‘rclcpp::Node::declare_parameter(const char [9])’
[27.992s]    56 |   node->declare_parameter("frame_id");
[27.993s]       |   ~~~~~~~~~~~~~~~~~~~~~~~^~~~~~~~~~~~
[27.994s] In file included from /opt/ros/humble/include/rclcpp/rclcpp/executors/single_threaded_executor.hpp:28,
[27.995s]                  from /opt/ros/humble/include/rclcpp/rclcpp/executors.hpp:22,
[27.996s]                  from /opt/ros/humble/include/rclcpp/rclcpp/rclcpp.hpp:155,
[27.997s]                  from /root/robot1_ws/src/ydlidar_ros2_driver/src/ydlidar_ros2_driver_node.cpp:23:
[27.998s] /opt/ros/humble/include/rclcpp/rclcpp/node.hpp:421:3: note: candidate: ‘template<class ParameterT> auto rclcpp::Node::declare_parameter(const string&, const ParameterT&, const ParameterDescriptor&, bool)’
[28.000s]   421 |   declare_parameter(
[28.001s]       |   ^~~~~~~~~~~~~~~~~
[28.002s] /opt/ros/humble/include/rclcpp/rclcpp/node.hpp:421:3: note:   template argument deduction/substitution failed:
[28.003s] /root/robot1_ws/src/ydlidar_ros2_driver/src/ydlidar_ros2_driver_node.cpp:56:26: note:   candidate expects 4 arguments, 1 provided
[28.004s]    56 |   node->declare_parameter("frame_id");
[28.005s]       |   ~~~~~~~~~~~~~~~~~~~~~~~^~~~~~~~~~~~
[28.006s] In file included from /opt/ros/humble/include/rclcpp/rclcpp/executors/single_threaded_executor.hpp:28,
[28.007s]                  from /opt/ros/humble/include/rclcpp/rclcpp/executors.hpp:22,
[28.007s]                  from /opt/ros/humble/include/rclcpp/rclcpp/rclcpp.hpp:155,
[28.008s]                  from /root/robot1_ws/src/ydlidar_ros2_driver/src/ydlidar_ros2_driver_node.cpp:23:
[28.009s] /opt/ros/humble/include/rclcpp/rclcpp/node.hpp:434:3: note: candidate: ‘template<class ParameterT> auto rclcpp::Node::declare_parameter(const string&, const ParameterDescriptor&, bool)’
[28.010s]   434 |   declare_parameter(
[28.011s]       |   ^~~~~~~~~~~~~~~~~
[28.012s] /opt/ros/humble/include/rclcpp/rclcpp/node.hpp:434:3: note:   template argument deduction/substitution failed:
[28.013s] /root/robot1_ws/src/ydlidar_ros2_driver/src/ydlidar_ros2_driver_node.cpp:56:26: note:   couldn’t deduce template parameter ‘ParameterT’
[28.014s]    56 |   node->declare_parameter("frame_id");
[28.015s]       |   ~~~~~~~~~~~~~~~~~~~~~~~^~~~~~~~~~~~
[28.016s] In file included from /opt/ros/humble/include/rclcpp/rclcpp/executors/single_threaded_executor.hpp:28,
[28.017s]                  from /opt/ros/humble/include/rclcpp/rclcpp/executors.hpp:22,
[28.018s]                  from /opt/ros/humble/include/rclcpp/rclcpp/rclcpp.hpp:155,
[28.019s]                  from /root/robot1_ws/src/ydlidar_ros2_driver/src/ydlidar_ros2_driver_node.cpp:23:
[28.020s] /opt/ros/humble/include/rclcpp/rclcpp/node.hpp:366:3: note: candidate: ‘const rclcpp::ParameterValue& rclcpp::Node::declare_parameter(const string&, const rclcpp::ParameterValue&, const ParameterDescriptor&, bool)’
[28.021s]   366 |   declare_parameter(
[28.022s]       |   ^~~~~~~~~~~~~~~~~
[28.023s] /opt/ros/humble/include/rclcpp/rclcpp/node.hpp:366:3: note:   candidate expects 4 arguments, 1 provided
[28.024s] /opt/ros/humble/include/rclcpp/rclcpp/node.hpp:391:3: note: candidate: ‘const rclcpp::ParameterValue& rclcpp::Node::declare_parameter(const string&, rclcpp::ParameterType, const ParameterDescriptor&, bool)’
[28.025s]   391 |   declare_parameter(
[28.025s]       |   ^~~~~~~~~~~~~~~~~
[28.026s] /opt/ros/humble/include/rclcpp/rclcpp/node.hpp:391:3: note:   candidate expects 4 arguments, 1 provided
[28.027s] /root/robot1_ws/src/ydlidar_ros2_driver/src/ydlidar_ros2_driver_node.cpp:62:26: error: no matching function for call to ‘rclcpp::Node::declare_parameter(const char [9])’
[28.028s]    62 |   node->declare_parameter("baudrate");
[28.029s]       |   ~~~~~~~~~~~~~~~~~~~~~~~^~~~~~~~~~~~
[28.030s] In file included from /opt/ros/humble/include/rclcpp/rclcpp/executors/single_threaded_executor.hpp:28,
[28.031s]                  from /opt/ros/humble/include/rclcpp/rclcpp/executors.hpp:22,
[28.032s]                  from /opt/ros/humble/include/rclcpp/rclcpp/rclcpp.hpp:155,
[28.033s]                  from /root/robot1_ws/src/ydlidar_ros2_driver/src/ydlidar_ros2_driver_node.cpp:23:
[28.034s] /opt/ros/humble/include/rclcpp/rclcpp/node.hpp:421:3: note: candidate: ‘template<class ParameterT> auto rclcpp::Node::declare_parameter(const string&, const ParameterT&, const ParameterDescriptor&, bool)’
[28.035s]   421 |   declare_parameter(
[28.036s]       |   ^~~~~~~~~~~~~~~~~
[28.037s] /opt/ros/humble/include/rclcpp/rclcpp/node.hpp:421:3: note:   template argument deduction/substitution failed:
[28.038s] /root/robot1_ws/src/ydlidar_ros2_driver/src/ydlidar_ros2_driver_node.cpp:62:26: note:   candidate expects 4 arguments, 1 provided
[28.038s]    62 |   node->declare_parameter("baudrate");
[28.039s]       |   ~~~~~~~~~~~~~~~~~~~~~~~^~~~~~~~~~~~
[28.040s] In file included from /opt/ros/humble/include/rclcpp/rclcpp/executors/single_threaded_executor.hpp:28,
[28.041s]                  from /opt/ros/humble/include/rclcpp/rclcpp/executors.hpp:22,
[28.042s]                  from /opt/ros/humble/include/rclcpp/rclcpp/rclcpp.hpp:155,
[28.043s]                  from /root/robot1_ws/src/ydlidar_ros2_driver/src/ydlidar_ros2_driver_node.cpp:23:
[28.044s] /opt/ros/humble/include/rclcpp/rclcpp/node.hpp:434:3: note: candidate: ‘template<class ParameterT> auto rclcpp::Node::declare_parameter(const string&, const ParameterDescriptor&, bool)’
[28.045s]   434 |   declare_parameter(
[28.046s]       |   ^~~~~~~~~~~~~~~~~
[28.047s] /opt/ros/humble/include/rclcpp/rclcpp/node.hpp:434:3: note:   template argument deduction/substitution failed:
[28.048s] /root/robot1_ws/src/ydlidar_ros2_driver/src/ydlidar_ros2_driver_node.cpp:62:26: note:   couldn’t deduce template parameter ‘ParameterT’
[28.049s]    62 |   node->declare_parameter("baudrate");
[28.050s]       |   ~~~~~~~~~~~~~~~~~~~~~~~^~~~~~~~~~~~
[28.051s] In file included from /opt/ros/humble/include/rclcpp/rclcpp/executors/single_threaded_executor.hpp:28,
[28.052s]                  from /opt/ros/humble/include/rclcpp/rclcpp/executors.hpp:22,
[28.053s]                  from /opt/ros/humble/include/rclcpp/rclcpp/rclcpp.hpp:155,
[28.053s]                  from /root/robot1_ws/src/ydlidar_ros2_driver/src/ydlidar_ros2_driver_node.cpp:23:
[28.054s] /opt/ros/humble/include/rclcpp/rclcpp/node.hpp:366:3: note: candidate: ‘const rclcpp::ParameterValue& rclcpp::Node::declare_parameter(const string&, const rclcpp::ParameterValue&, const ParameterDescriptor&, bool)’
[28.055s]   366 |   declare_parameter(
[28.056s]       |   ^~~~~~~~~~~~~~~~~
[28.057s] /opt/ros/humble/include/rclcpp/rclcpp/node.hpp:366:3: note:   candidate expects 4 arguments, 1 provided
[28.058s] /opt/ros/humble/include/rclcpp/rclcpp/node.hpp:391:3: note: candidate: ‘const rclcpp::ParameterValue& rclcpp::Node::declare_parameter(const string&, rclcpp::ParameterType, const ParameterDescriptor&, bool)’
[28.059s]   391 |   declare_parameter(
[28.060s]       |   ^~~~~~~~~~~~~~~~~
[28.061s] /opt/ros/humble/include/rclcpp/rclcpp/node.hpp:391:3: note:   candidate expects 4 arguments, 1 provided
[28.062s] /root/robot1_ws/src/ydlidar_ros2_driver/src/ydlidar_ros2_driver_node.cpp:67:26: error: no matching function for call to ‘rclcpp::Node::declare_parameter(const char [11])’
[28.063s]    67 |   node->declare_parameter("lidar_type");
[28.064s]       |   ~~~~~~~~~~~~~~~~~~~~~~~^~~~~~~~~~~~~~
[28.065s] In file included from /opt/ros/humble/include/rclcpp/rclcpp/executors/single_threaded_executor.hpp:28,
[28.066s]                  from /opt/ros/humble/include/rclcpp/rclcpp/executors.hpp:22,
[28.067s]                  from /opt/ros/humble/include/rclcpp/rclcpp/rclcpp.hpp:155,
[28.068s]                  from /root/robot1_ws/src/ydlidar_ros2_driver/src/ydlidar_ros2_driver_node.cpp:23:
[28.069s] /opt/ros/humble/include/rclcpp/rclcpp/node.hpp:421:3: note: candidate: ‘template<class ParameterT> auto rclcpp::Node::declare_parameter(const string&, const ParameterT&, const ParameterDescriptor&, bool)’
[28.070s]   421 |   declare_parameter(
[28.071s]       |   ^~~~~~~~~~~~~~~~~
[28.072s] /opt/ros/humble/include/rclcpp/rclcpp/node.hpp:421:3: note:   template argument deduction/substitution failed:
[28.073s] /root/robot1_ws/src/ydlidar_ros2_driver/src/ydlidar_ros2_driver_node.cpp:67:26: note:   candidate expects 4 arguments, 1 provided
[28.074s]    67 |   node->declare_parameter("lidar_type");
[28.075s]       |   ~~~~~~~~~~~~~~~~~~~~~~~^~~~~~~~~~~~~~
[28.076s] In file included from /opt/ros/humble/include/rclcpp/rclcpp/executors/single_threaded_executor.hpp:28,
[28.078s]                  from /opt/ros/humble/include/rclcpp/rclcpp/executors.hpp:22,
[28.079s]                  from /opt/ros/humble/include/rclcpp/rclcpp/rclcpp.hpp:155,
[28.079s]                  from /root/robot1_ws/src/ydlidar_ros2_driver/src/ydlidar_ros2_driver_node.cpp:23:
[28.081s] /opt/ros/humble/include/rclcpp/rclcpp/node.hpp:434:3: note: candidate: ‘template<class ParameterT> auto rclcpp::Node::declare_parameter(const string&, const ParameterDescriptor&, bool)’
[28.082s]   434 |   declare_parameter(
[28.083s]       |   ^~~~~~~~~~~~~~~~~
[28.084s] /opt/ros/humble/include/rclcpp/rclcpp/node.hpp:434:3: note:   template argument deduction/substitution failed:
[28.085s] /root/robot1_ws/src/ydlidar_ros2_driver/src/ydlidar_ros2_driver_node.cpp:67:26: note:   couldn’t deduce template parameter ‘ParameterT’
[28.086s]    67 |   node->declare_parameter("lidar_type");
[28.087s]       |   ~~~~~~~~~~~~~~~~~~~~~~~^~~~~~~~~~~~~~
[28.088s] In file included from /opt/ros/humble/include/rclcpp/rclcpp/executors/single_threaded_executor.hpp:28,
[28.089s]                  from /opt/ros/humble/include/rclcpp/rclcpp/executors.hpp:22,
[28.090s]                  from /opt/ros/humble/include/rclcpp/rclcpp/rclcpp.hpp:155,
[28.091s]                  from /root/robot1_ws/src/ydlidar_ros2_driver/src/ydlidar_ros2_driver_node.cpp:23:
[28.092s] /opt/ros/humble/include/rclcpp/rclcpp/node.hpp:366:3: note: candidate: ‘const rclcpp::ParameterValue& rclcpp::Node::declare_parameter(const string&, const rclcpp::ParameterValue&, const ParameterDescriptor&, bool)’
[28.093s]   366 |   declare_parameter(
[28.094s]       |   ^~~~~~~~~~~~~~~~~
[28.095s] /opt/ros/humble/include/rclcpp/rclcpp/node.hpp:366:3: note:   candidate expects 4 arguments, 1 provided
[28.096s] /opt/ros/humble/include/rclcpp/rclcpp/node.hpp:391:3: note: candidate: ‘const rclcpp::ParameterValue& rclcpp::Node::declare_parameter(const string&, rclcpp::ParameterType, const ParameterDescriptor&, bool)’
[28.097s]   391 |   declare_parameter(
[28.098s]       |   ^~~~~~~~~~~~~~~~~
[28.099s] /opt/ros/humble/include/rclcpp/rclcpp/node.hpp:391:3: note:   candidate expects 4 arguments, 1 provided
[28.100s] /root/robot1_ws/src/ydlidar_ros2_driver/src/ydlidar_ros2_driver_node.cpp:72:26: error: no matching function for call to ‘rclcpp::Node::declare_parameter(const char [12])’
[28.101s]    72 |   node->declare_parameter("device_type");
[28.102s]       |   ~~~~~~~~~~~~~~~~~~~~~~~^~~~~~~~~~~~~~~
[28.103s] In file included from /opt/ros/humble/include/rclcpp/rclcpp/executors/single_threaded_executor.hpp:28,
[28.104s]                  from /opt/ros/humble/include/rclcpp/rclcpp/executors.hpp:22,
[28.105s]                  from /opt/ros/humble/include/rclcpp/rclcpp/rclcpp.hpp:155,
[28.106s]                  from /root/robot1_ws/src/ydlidar_ros2_driver/src/ydlidar_ros2_driver_node.cpp:23:
[28.107s] /opt/ros/humble/include/rclcpp/rclcpp/node.hpp:421:3: note: candidate: ‘template<class ParameterT> auto rclcpp::Node::declare_parameter(const string&, const ParameterT&, const ParameterDescriptor&, bool)’
[28.108s]   421 |   declare_parameter(
[28.109s]       |   ^~~~~~~~~~~~~~~~~
[28.109s] /opt/ros/humble/include/rclcpp/rclcpp/node.hpp:421:3: note:   template argument deduction/substitution failed:
[28.110s] /root/robot1_ws/src/ydlidar_ros2_driver/src/ydlidar_ros2_driver_node.cpp:72:26: note:   candidate expects 4 arguments, 1 provided
[28.111s]    72 |   node->declare_parameter("device_type");
[28.112s]       |   ~~~~~~~~~~~~~~~~~~~~~~~^~~~~~~~~~~~~~~
[28.113s] In file included from /opt/ros/humble/include/rclcpp/rclcpp/executors/single_threaded_executor.hpp:28,
[28.114s]                  from /opt/ros/humble/include/rclcpp/rclcpp/executors.hpp:22,
[28.115s]                  from /opt/ros/humble/include/rclcpp/rclcpp/rclcpp.hpp:155,
[28.116s]                  from /root/robot1_ws/src/ydlidar_ros2_driver/src/ydlidar_ros2_driver_node.cpp:23:
[28.117s] /opt/ros/humble/include/rclcpp/rclcpp/node.hpp:434:3: note: candidate: ‘template<class ParameterT> auto rclcpp::Node::declare_parameter(const string&, const ParameterDescriptor&, bool)’
[28.118s]   434 |   declare_parameter(
[28.119s]       |   ^~~~~~~~~~~~~~~~~
[28.120s] /opt/ros/humble/include/rclcpp/rclcpp/node.hpp:434:3: note:   template argument deduction/substitution failed:
[28.121s] /root/robot1_ws/src/ydlidar_ros2_driver/src/ydlidar_ros2_driver_node.cpp:72:26: note:   couldn’t deduce template parameter ‘ParameterT’
[28.122s]    72 |   node->declare_parameter("device_type");
[28.123s]       |   ~~~~~~~~~~~~~~~~~~~~~~~^~~~~~~~~~~~~~~
[28.124s] In file included from /opt/ros/humble/include/rclcpp/rclcpp/executors/single_threaded_executor.hpp:28,
[28.125s]                  from /opt/ros/humble/include/rclcpp/rclcpp/executors.hpp:22,
[28.126s]                  from /opt/ros/humble/include/rclcpp/rclcpp/rclcpp.hpp:155,
[28.127s]                  from /root/robot1_ws/src/ydlidar_ros2_driver/src/ydlidar_ros2_driver_node.cpp:23:
[28.128s] /opt/ros/humble/include/rclcpp/rclcpp/node.hpp:366:3: note: candidate: ‘const rclcpp::ParameterValue& rclcpp::Node::declare_parameter(const string&, const rclcpp::ParameterValue&, const ParameterDescriptor&, bool)’
[28.129s]   366 |   declare_parameter(
[28.130s]       |   ^~~~~~~~~~~~~~~~~
[28.131s] /opt/ros/humble/include/rclcpp/rclcpp/node.hpp:366:3: note:   candidate expects 4 arguments, 1 provided
[28.132s] /opt/ros/humble/include/rclcpp/rclcpp/node.hpp:391:3: note: candidate: ‘const rclcpp::ParameterValue& rclcpp::Node::declare_parameter(const string&, rclcpp::ParameterType, const ParameterDescriptor&, bool)’
[28.133s]   391 |   declare_parameter(
[28.134s]       |   ^~~~~~~~~~~~~~~~~
[28.135s] /opt/ros/humble/include/rclcpp/rclcpp/node.hpp:391:3: note:   candidate expects 4 arguments, 1 provided
[28.136s] /root/robot1_ws/src/ydlidar_ros2_driver/src/ydlidar_ros2_driver_node.cpp:77:26: error: no matching function for call to ‘rclcpp::Node::declare_parameter(const char [12])’
[28.137s]    77 |   node->declare_parameter("sample_rate");
[28.138s]       |   ~~~~~~~~~~~~~~~~~~~~~~~^~~~~~~~~~~~~~~
[28.139s] In file included from /opt/ros/humble/include/rclcpp/rclcpp/executors/single_threaded_executor.hpp:28,
[28.139s]                  from /opt/ros/humble/include/rclcpp/rclcpp/executors.hpp:22,
[28.140s]                  from /opt/ros/humble/include/rclcpp/rclcpp/rclcpp.hpp:155,
[28.141s]                  from /root/robot1_ws/src/ydlidar_ros2_driver/src/ydlidar_ros2_driver_node.cpp:23:
[28.142s] /opt/ros/humble/include/rclcpp/rclcpp/node.hpp:421:3: note: candidate: ‘template<class ParameterT> auto rclcpp::Node::declare_parameter(const string&, const ParameterT&, const ParameterDescriptor&, bool)’
[28.143s]   421 |   declare_parameter(
[28.144s]       |   ^~~~~~~~~~~~~~~~~
[28.145s] /opt/ros/humble/include/rclcpp/rclcpp/node.hpp:421:3: note:   template argument deduction/substitution failed:
[28.146s] /root/robot1_ws/src/ydlidar_ros2_driver/src/ydlidar_ros2_driver_node.cpp:77:26: note:   candidate expects 4 arguments, 1 provided
[28.147s]    77 |   node->declare_parameter("sample_rate");
[28.148s]       |   ~~~~~~~~~~~~~~~~~~~~~~~^~~~~~~~~~~~~~~
[28.149s] In file included from /opt/ros/humble/include/rclcpp/rclcpp/executors/single_threaded_executor.hpp:28,
[28.150s]                  from /opt/ros/humble/include/rclcpp/rclcpp/executors.hpp:22,
[28.151s]                  from /opt/ros/humble/include/rclcpp/rclcpp/rclcpp.hpp:155,
[28.153s]                  from /root/robot1_ws/src/ydlidar_ros2_driver/src/ydlidar_ros2_driver_node.cpp:23:
[28.154s] /opt/ros/humble/include/rclcpp/rclcpp/node.hpp:434:3: note: candidate: ‘template<class ParameterT> auto rclcpp::Node::declare_parameter(const string&, const ParameterDescriptor&, bool)’
[28.155s]   434 |   declare_parameter(
[28.156s]       |   ^~~~~~~~~~~~~~~~~
[28.157s] /opt/ros/humble/include/rclcpp/rclcpp/node.hpp:434:3: note:   template argument deduction/substitution failed:
[28.158s] /root/robot1_ws/src/ydlidar_ros2_driver/src/ydlidar_ros2_driver_node.cpp:77:26: note:   couldn’t deduce template parameter ‘ParameterT’
[28.159s]    77 |   node->declare_parameter("sample_rate");
[28.161s]       |   ~~~~~~~~~~~~~~~~~~~~~~~^~~~~~~~~~~~~~~
[28.162s] In file included from /opt/ros/humble/include/rclcpp/rclcpp/executors/single_threaded_executor.hpp:28,
[28.163s]                  from /opt/ros/humble/include/rclcpp/rclcpp/executors.hpp:22,
[28.163s]                  from /opt/ros/humble/include/rclcpp/rclcpp/rclcpp.hpp:155,
[28.164s]                  from /root/robot1_ws/src/ydlidar_ros2_driver/src/ydlidar_ros2_driver_node.cpp:23:
[28.165s] /opt/ros/humble/include/rclcpp/rclcpp/node.hpp:366:3: note: candidate: ‘const rclcpp::ParameterValue& rclcpp::Node::declare_parameter(const string&, const rclcpp::ParameterValue&, const ParameterDescriptor&, bool)’
[28.166s]   366 |   declare_parameter(
[28.167s]       |   ^~~~~~~~~~~~~~~~~
[28.168s] /opt/ros/humble/include/rclcpp/rclcpp/node.hpp:366:3: note:   candidate expects 4 arguments, 1 provided
[28.169s] /opt/ros/humble/include/rclcpp/rclcpp/node.hpp:391:3: note: candidate: ‘const rclcpp::ParameterValue& rclcpp::Node::declare_parameter(const string&, rclcpp::ParameterType, const ParameterDescriptor&, bool)’
[28.170s]   391 |   declare_parameter(
[28.170s]       |   ^~~~~~~~~~~~~~~~~
[28.172s] /opt/ros/humble/include/rclcpp/rclcpp/node.hpp:391:3: note:   candidate expects 4 arguments, 1 provided
[28.173s] /root/robot1_ws/src/ydlidar_ros2_driver/src/ydlidar_ros2_driver_node.cpp:82:26: error: no matching function for call to ‘rclcpp::Node::declare_parameter(const char [21])’
[28.174s]    82 |   node->declare_parameter("abnormal_check_count");
[28.175s]       |   ~~~~~~~~~~~~~~~~~~~~~~~^~~~~~~~~~~~~~~~~~~~~~~~
[28.175s] In file included from /opt/ros/humble/include/rclcpp/rclcpp/executors/single_threaded_executor.hpp:28,
[28.176s]                  from /opt/ros/humble/include/rclcpp/rclcpp/executors.hpp:22,
[28.177s]                  from /opt/ros/humble/include/rclcpp/rclcpp/rclcpp.hpp:155,
[28.178s]                  from /root/robot1_ws/src/ydlidar_ros2_driver/src/ydlidar_ros2_driver_node.cpp:23:
[28.179s] /opt/ros/humble/include/rclcpp/rclcpp/node.hpp:421:3: note: candidate: ‘template<class ParameterT> auto rclcpp::Node::declare_parameter(const string&, const ParameterT&, const ParameterDescriptor&, bool)’
[28.180s]   421 |   declare_parameter(
[28.181s]       |   ^~~~~~~~~~~~~~~~~
[28.182s] /opt/ros/humble/include/rclcpp/rclcpp/node.hpp:421:3: note:   template argument deduction/substitution failed:
[28.183s] /root/robot1_ws/src/ydlidar_ros2_driver/src/ydlidar_ros2_driver_node.cpp:82:26: note:   candidate expects 4 arguments, 1 provided
[28.184s]    82 |   node->declare_parameter("abnormal_check_count");
[28.186s]       |   ~~~~~~~~~~~~~~~~~~~~~~~^~~~~~~~~~~~~~~~~~~~~~~~
[28.187s] In file included from /opt/ros/humble/include/rclcpp/rclcpp/executors/single_threaded_executor.hpp:28,
[28.188s]                  from /opt/ros/humble/include/rclcpp/rclcpp/executors.hpp:22,
[28.189s]                  from /opt/ros/humble/include/rclcpp/rclcpp/rclcpp.hpp:155,
[28.190s]                  from /root/robot1_ws/src/ydlidar_ros2_driver/src/ydlidar_ros2_driver_node.cpp:23:
[28.191s] /opt/ros/humble/include/rclcpp/rclcpp/node.hpp:434:3: note: candidate: ‘template<class ParameterT> auto rclcpp::Node::declare_parameter(const string&, const ParameterDescriptor&, bool)’
[28.192s]   434 |   declare_parameter(
[28.193s]       |   ^~~~~~~~~~~~~~~~~
[28.194s] /opt/ros/humble/include/rclcpp/rclcpp/node.hpp:434:3: note:   template argument deduction/substitution failed:
[28.195s] /root/robot1_ws/src/ydlidar_ros2_driver/src/ydlidar_ros2_driver_node.cpp:82:26: note:   couldn’t deduce template parameter ‘ParameterT’
[28.196s]    82 |   node->declare_parameter("abnormal_check_count");
[28.197s]       |   ~~~~~~~~~~~~~~~~~~~~~~~^~~~~~~~~~~~~~~~~~~~~~~~
[28.198s] In file included from /opt/ros/humble/include/rclcpp/rclcpp/executors/single_threaded_executor.hpp:28,
[28.199s]                  from /opt/ros/humble/include/rclcpp/rclcpp/executors.hpp:22,
[28.200s]                  from /opt/ros/humble/include/rclcpp/rclcpp/rclcpp.hpp:155,
[28.201s]                  from /root/robot1_ws/src/ydlidar_ros2_driver/src/ydlidar_ros2_driver_node.cpp:23:
[28.202s] /opt/ros/humble/include/rclcpp/rclcpp/node.hpp:366:3: note: candidate: ‘const rclcpp::ParameterValue& rclcpp::Node::declare_parameter(const string&, const rclcpp::ParameterValue&, const ParameterDescriptor&, bool)’
[28.203s]   366 |   declare_parameter(
[28.204s]       |   ^~~~~~~~~~~~~~~~~
[28.205s] /opt/ros/humble/include/rclcpp/rclcpp/node.hpp:366:3: note:   candidate expects 4 arguments, 1 provided
[28.206s] /opt/ros/humble/include/rclcpp/rclcpp/node.hpp:391:3: note: candidate: ‘const rclcpp::ParameterValue& rclcpp::Node::declare_parameter(const string&, rclcpp::ParameterType, const ParameterDescriptor&, bool)’
[28.207s]   391 |   declare_parameter(
[28.208s]       |   ^~~~~~~~~~~~~~~~~
[28.209s] /opt/ros/humble/include/rclcpp/rclcpp/node.hpp:391:3: note:   candidate expects 4 arguments, 1 provided
[28.210s] /root/robot1_ws/src/ydlidar_ros2_driver/src/ydlidar_ros2_driver_node.cpp:88:26: error: no matching function for call to ‘rclcpp::Node::declare_parameter(const char [14])’
[28.211s]    88 |   node->declare_parameter("intensity_bit");
[28.212s]       |   ~~~~~~~~~~~~~~~~~~~~~~~^~~~~~~~~~~~~~~~~
[28.213s] In file included from /opt/ros/humble/include/rclcpp/rclcpp/executors/single_threaded_executor.hpp:28,
[28.214s]                  from /opt/ros/humble/include/rclcpp/rclcpp/executors.hpp:22,
[28.215s]                  from /opt/ros/humble/include/rclcpp/rclcpp/rclcpp.hpp:155,
[28.216s]                  from /root/robot1_ws/src/ydlidar_ros2_driver/src/ydlidar_ros2_driver_node.cpp:23:
[28.217s] /opt/ros/humble/include/rclcpp/rclcpp/node.hpp:421:3: note: candidate: ‘template<class ParameterT> auto rclcpp::Node::declare_parameter(const string&, const ParameterT&, const ParameterDescriptor&, bool)’
[28.218s]   421 |   declare_parameter(
[28.219s]       |   ^~~~~~~~~~~~~~~~~
[28.220s] /opt/ros/humble/include/rclcpp/rclcpp/node.hpp:421:3: note:   template argument deduction/substitution failed:
[28.221s] /root/robot1_ws/src/ydlidar_ros2_driver/src/ydlidar_ros2_driver_node.cpp:88:26: note:   candidate expects 4 arguments, 1 provided
[28.221s]    88 |   node->declare_parameter("intensity_bit");
[28.222s]       |   ~~~~~~~~~~~~~~~~~~~~~~~^~~~~~~~~~~~~~~~~
[28.223s] In file included from /opt/ros/humble/include/rclcpp/rclcpp/executors/single_threaded_executor.hpp:28,
[28.224s]                  from /opt/ros/humble/include/rclcpp/rclcpp/executors.hpp:22,
[28.225s]                  from /opt/ros/humble/include/rclcpp/rclcpp/rclcpp.hpp:155,
[28.226s]                  from /root/robot1_ws/src/ydlidar_ros2_driver/src/ydlidar_ros2_driver_node.cpp:23:
[28.227s] /opt/ros/humble/include/rclcpp/rclcpp/node.hpp:434:3: note: candidate: ‘template<class ParameterT> auto rclcpp::Node::declare_parameter(const string&, const ParameterDescriptor&, bool)’
[28.229s]   434 |   declare_parameter(
[28.230s]       |   ^~~~~~~~~~~~~~~~~
[28.231s] /opt/ros/humble/include/rclcpp/rclcpp/node.hpp:434:3: note:   template argument deduction/substitution failed:
[28.232s] /root/robot1_ws/src/ydlidar_ros2_driver/src/ydlidar_ros2_driver_node.cpp:88:26: note:   couldn’t deduce template parameter ‘ParameterT’
[28.233s]    88 |   node->declare_parameter("intensity_bit");
[28.234s]       |   ~~~~~~~~~~~~~~~~~~~~~~~^~~~~~~~~~~~~~~~~
[28.235s] In file included from /opt/ros/humble/include/rclcpp/rclcpp/executors/single_threaded_executor.hpp:28,
[28.236s]                  from /opt/ros/humble/include/rclcpp/rclcpp/executors.hpp:22,
[28.237s]                  from /opt/ros/humble/include/rclcpp/rclcpp/rclcpp.hpp:155,
[28.238s]                  from /root/robot1_ws/src/ydlidar_ros2_driver/src/ydlidar_ros2_driver_node.cpp:23:
[28.239s] /opt/ros/humble/include/rclcpp/rclcpp/node.hpp:366:3: note: candidate: ‘const rclcpp::ParameterValue& rclcpp::Node::declare_parameter(const string&, const rclcpp::ParameterValue&, const ParameterDescriptor&, bool)’
[28.240s]   366 |   declare_parameter(
[28.241s]       |   ^~~~~~~~~~~~~~~~~
[28.242s] /opt/ros/humble/include/rclcpp/rclcpp/node.hpp:366:3: note:   candidate expects 4 arguments, 1 provided
[28.243s] /opt/ros/humble/include/rclcpp/rclcpp/node.hpp:391:3: note: candidate: ‘const rclcpp::ParameterValue& rclcpp::Node::declare_parameter(const string&, rclcpp::ParameterType, const ParameterDescriptor&, bool)’
[28.244s]   391 |   declare_parameter(
[28.245s]       |   ^~~~~~~~~~~~~~~~~
[28.246s] /opt/ros/humble/include/rclcpp/rclcpp/node.hpp:391:3: note:   candidate expects 4 arguments, 1 provided
[28.247s] /root/robot1_ws/src/ydlidar_ros2_driver/src/ydlidar_ros2_driver_node.cpp:95:26: error: no matching function for call to ‘rclcpp::Node::declare_parameter(const char [17])’
[28.248s]    95 |   node->declare_parameter("fixed_resolution");
[28.250s]       |   ~~~~~~~~~~~~~~~~~~~~~~~^~~~~~~~~~~~~~~~~~~~
[28.251s] In file included from /opt/ros/humble/include/rclcpp/rclcpp/executors/single_threaded_executor.hpp:28,
[28.252s]                  from /opt/ros/humble/include/rclcpp/rclcpp/executors.hpp:22,
[28.253s]                  from /opt/ros/humble/include/rclcpp/rclcpp/rclcpp.hpp:155,
[28.255s]                  from /root/robot1_ws/src/ydlidar_ros2_driver/src/ydlidar_ros2_driver_node.cpp:23:
[28.256s] /opt/ros/humble/include/rclcpp/rclcpp/node.hpp:421:3: note: candidate: ‘template<class ParameterT> auto rclcpp::Node::declare_parameter(const string&, const ParameterT&, const ParameterDescriptor&, bool)’
[28.258s]   421 |   declare_parameter(
[28.259s]       |   ^~~~~~~~~~~~~~~~~
[28.261s] /opt/ros/humble/include/rclcpp/rclcpp/node.hpp:421:3: note:   template argument deduction/substitution failed:
[28.262s] /root/robot1_ws/src/ydlidar_ros2_driver/src/ydlidar_ros2_driver_node.cpp:95:26: note:   candidate expects 4 arguments, 1 provided
[28.263s]    95 |   node->declare_parameter("fixed_resolution");
[28.264s]       |   ~~~~~~~~~~~~~~~~~~~~~~~^~~~~~~~~~~~~~~~~~~~
[28.265s] In file included from /opt/ros/humble/include/rclcpp/rclcpp/executors/single_threaded_executor.hpp:28,
[28.266s]                  from /opt/ros/humble/include/rclcpp/rclcpp/executors.hpp:22,
[28.267s]                  from /opt/ros/humble/include/rclcpp/rclcpp/rclcpp.hpp:155,
[28.269s]                  from /root/robot1_ws/src/ydlidar_ros2_driver/src/ydlidar_ros2_driver_node.cpp:23:
[28.270s] /opt/ros/humble/include/rclcpp/rclcpp/node.hpp:434:3: note: candidate: ‘template<class ParameterT> auto rclcpp::Node::declare_parameter(const string&, const ParameterDescriptor&, bool)’
[28.271s]   434 |   declare_parameter(
[28.272s]       |   ^~~~~~~~~~~~~~~~~
[28.274s] /opt/ros/humble/include/rclcpp/rclcpp/node.hpp:434:3: note:   template argument deduction/substitution failed:
[28.275s] /root/robot1_ws/src/ydlidar_ros2_driver/src/ydlidar_ros2_driver_node.cpp:95:26: note:   couldn’t deduce template parameter ‘ParameterT’
[28.276s]    95 |   node->declare_parameter("fixed_resolution");
[28.277s]       |   ~~~~~~~~~~~~~~~~~~~~~~~^~~~~~~~~~~~~~~~~~~~
[28.278s] In file included from /opt/ros/humble/include/rclcpp/rclcpp/executors/single_threaded_executor.hpp:28,
[28.279s]                  from /opt/ros/humble/include/rclcpp/rclcpp/executors.hpp:22,
[28.280s]                  from /opt/ros/humble/include/rclcpp/rclcpp/rclcpp.hpp:155,
[28.281s]                  from /root/robot1_ws/src/ydlidar_ros2_driver/src/ydlidar_ros2_driver_node.cpp:23:
[28.282s] /opt/ros/humble/include/rclcpp/rclcpp/node.hpp:366:3: note: candidate: ‘const rclcpp::ParameterValue& rclcpp::Node::declare_parameter(const string&, const rclcpp::ParameterValue&, const ParameterDescriptor&, bool)’
[28.283s]   366 |   declare_parameter(
[28.285s]       |   ^~~~~~~~~~~~~~~~~
[28.286s] /opt/ros/humble/include/rclcpp/rclcpp/node.hpp:366:3: note:   candidate expects 4 arguments, 1 provided
[28.287s] /opt/ros/humble/include/rclcpp/rclcpp/node.hpp:391:3: note: candidate: ‘const rclcpp::ParameterValue& rclcpp::Node::declare_parameter(const string&, rclcpp::ParameterType, const ParameterDescriptor&, bool)’
[28.288s]   391 |   declare_parameter(
[28.289s]       |   ^~~~~~~~~~~~~~~~~
[28.290s] /opt/ros/humble/include/rclcpp/rclcpp/node.hpp:391:3: note:   candidate expects 4 arguments, 1 provided
[28.291s] /root/robot1_ws/src/ydlidar_ros2_driver/src/ydlidar_ros2_driver_node.cpp:100:26: error: no matching function for call to ‘rclcpp::Node::declare_parameter(const char [10])’
[28.292s]   100 |   node->declare_parameter("reversion");
[28.293s]       |   ~~~~~~~~~~~~~~~~~~~~~~~^~~~~~~~~~~~~
[28.295s] In file included from /opt/ros/humble/include/rclcpp/rclcpp/executors/single_threaded_executor.hpp:28,
[28.296s]                  from /opt/ros/humble/include/rclcpp/rclcpp/executors.hpp:22,
[28.297s]                  from /opt/ros/humble/include/rclcpp/rclcpp/rclcpp.hpp:155,
[28.298s]                  from /root/robot1_ws/src/ydlidar_ros2_driver/src/ydlidar_ros2_driver_node.cpp:23:
[28.299s] /opt/ros/humble/include/rclcpp/rclcpp/node.hpp:421:3: note: candidate: ‘template<class ParameterT> auto rclcpp::Node::declare_parameter(const string&, const ParameterT&, const ParameterDescriptor&, bool)’
[28.301s]   421 |   declare_parameter(
[28.302s]       |   ^~~~~~~~~~~~~~~~~
[28.303s] /opt/ros/humble/include/rclcpp/rclcpp/node.hpp:421:3: note:   template argument deduction/substitution failed:
[28.304s] /root/robot1_ws/src/ydlidar_ros2_driver/src/ydlidar_ros2_driver_node.cpp:100:26: note:   candidate expects 4 arguments, 1 provided
[28.305s]   100 |   node->declare_parameter("reversion");
[28.306s]       |   ~~~~~~~~~~~~~~~~~~~~~~~^~~~~~~~~~~~~
[28.307s] In file included from /opt/ros/humble/include/rclcpp/rclcpp/executors/single_threaded_executor.hpp:28,
[28.308s]                  from /opt/ros/humble/include/rclcpp/rclcpp/executors.hpp:22,
[28.309s]                  from /opt/ros/humble/include/rclcpp/rclcpp/rclcpp.hpp:155,
[28.310s]                  from /root/robot1_ws/src/ydlidar_ros2_driver/src/ydlidar_ros2_driver_node.cpp:23:
[28.311s] /opt/ros/humble/include/rclcpp/rclcpp/node.hpp:434:3: note: candidate: ‘template<class ParameterT> auto rclcpp::Node::declare_parameter(const string&, const ParameterDescriptor&, bool)’
[28.312s]   434 |   declare_parameter(
[28.313s]       |   ^~~~~~~~~~~~~~~~~
[28.314s] /opt/ros/humble/include/rclcpp/rclcpp/node.hpp:434:3: note:   template argument deduction/substitution failed:
[28.315s] /root/robot1_ws/src/ydlidar_ros2_driver/src/ydlidar_ros2_driver_node.cpp:100:26: note:   couldn’t deduce template parameter ‘ParameterT’
[28.316s]   100 |   node->declare_parameter("reversion");
[28.317s]       |   ~~~~~~~~~~~~~~~~~~~~~~~^~~~~~~~~~~~~
[28.318s] In file included from /opt/ros/humble/include/rclcpp/rclcpp/executors/single_threaded_executor.hpp:28,
[28.319s]                  from /opt/ros/humble/include/rclcpp/rclcpp/executors.hpp:22,
[28.320s]                  from /opt/ros/humble/include/rclcpp/rclcpp/rclcpp.hpp:155,
[28.322s]                  from /root/robot1_ws/src/ydlidar_ros2_driver/src/ydlidar_ros2_driver_node.cpp:23:
[28.323s] /opt/ros/humble/include/rclcpp/rclcpp/node.hpp:366:3: note: candidate: ‘const rclcpp::ParameterValue& rclcpp::Node::declare_parameter(const string&, const rclcpp::ParameterValue&, const ParameterDescriptor&, bool)’
[28.328s]   366 |   declare_parameter(
[28.329s]       |   ^~~~~~~~~~~~~~~~~
[28.330s] /opt/ros/humble/include/rclcpp/rclcpp/node.hpp:366:3: note:   candidate expects 4 arguments, 1 provided
[28.331s] /opt/ros/humble/include/rclcpp/rclcpp/node.hpp:391:3: note: candidate: ‘const rclcpp::ParameterValue& rclcpp::Node::declare_parameter(const string&, rclcpp::ParameterType, const ParameterDescriptor&, bool)’
[28.332s]   391 |   declare_parameter(
[28.333s]       |   ^~~~~~~~~~~~~~~~~
[28.334s] /opt/ros/humble/include/rclcpp/rclcpp/node.hpp:391:3: note:   candidate expects 4 arguments, 1 provided
[28.335s] /root/robot1_ws/src/ydlidar_ros2_driver/src/ydlidar_ros2_driver_node.cpp:105:26: error: no matching function for call to ‘rclcpp::Node::declare_parameter(const char [9])’
[28.336s]   105 |   node->declare_parameter("inverted");
[28.337s]       |   ~~~~~~~~~~~~~~~~~~~~~~~^~~~~~~~~~~~
[28.338s] In file included from /opt/ros/humble/include/rclcpp/rclcpp/executors/single_threaded_executor.hpp:28,
[28.339s]                  from /opt/ros/humble/include/rclcpp/rclcpp/executors.hpp:22,
[28.340s]                  from /opt/ros/humble/include/rclcpp/rclcpp/rclcpp.hpp:155,
[28.341s]                  from /root/robot1_ws/src/ydlidar_ros2_driver/src/ydlidar_ros2_driver_node.cpp:23:
[28.342s] /opt/ros/humble/include/rclcpp/rclcpp/node.hpp:421:3: note: candidate: ‘template<class ParameterT> auto rclcpp::Node::declare_parameter(const string&, const ParameterT&, const ParameterDescriptor&, bool)’
[28.343s]   421 |   declare_parameter(
[28.344s]       |   ^~~~~~~~~~~~~~~~~
[28.345s] /opt/ros/humble/include/rclcpp/rclcpp/node.hpp:421:3: note:   template argument deduction/substitution failed:
[28.346s] /root/robot1_ws/src/ydlidar_ros2_driver/src/ydlidar_ros2_driver_node.cpp:105:26: note:   candidate expects 4 arguments, 1 provided
[28.347s]   105 |   node->declare_parameter("inverted");
[28.348s]       |   ~~~~~~~~~~~~~~~~~~~~~~~^~~~~~~~~~~~
[28.349s] In file included from /opt/ros/humble/include/rclcpp/rclcpp/executors/single_threaded_executor.hpp:28,
[28.350s]                  from /opt/ros/humble/include/rclcpp/rclcpp/executors.hpp:22,
[28.351s]                  from /opt/ros/humble/include/rclcpp/rclcpp/rclcpp.hpp:155,
[28.352s]                  from /root/robot1_ws/src/ydlidar_ros2_driver/src/ydlidar_ros2_driver_node.cpp:23:
[28.353s] /opt/ros/humble/include/rclcpp/rclcpp/node.hpp:434:3: note: candidate: ‘template<class ParameterT> auto rclcpp::Node::declare_parameter(const string&, const ParameterDescriptor&, bool)’
[28.354s]   434 |   declare_parameter(
[28.355s]       |   ^~~~~~~~~~~~~~~~~
[28.356s] /opt/ros/humble/include/rclcpp/rclcpp/node.hpp:434:3: note:   template argument deduction/substitution failed:
[28.357s] /root/robot1_ws/src/ydlidar_ros2_driver/src/ydlidar_ros2_driver_node.cpp:105:26: note:   couldn’t deduce template parameter ‘ParameterT’
[28.358s]   105 |   node->declare_parameter("inverted");
[28.359s]       |   ~~~~~~~~~~~~~~~~~~~~~~~^~~~~~~~~~~~
[28.360s] In file included from /opt/ros/humble/include/rclcpp/rclcpp/executors/single_threaded_executor.hpp:28,
[28.361s]                  from /opt/ros/humble/include/rclcpp/rclcpp/executors.hpp:22,
[28.362s]                  from /opt/ros/humble/include/rclcpp/rclcpp/rclcpp.hpp:155,
[28.363s]                  from /root/robot1_ws/src/ydlidar_ros2_driver/src/ydlidar_ros2_driver_node.cpp:23:
[28.364s] /opt/ros/humble/include/rclcpp/rclcpp/node.hpp:366:3: note: candidate: ‘const rclcpp::ParameterValue& rclcpp::Node::declare_parameter(const string&, const rclcpp::ParameterValue&, const ParameterDescriptor&, bool)’
[28.365s]   366 |   declare_parameter(
[28.366s]       |   ^~~~~~~~~~~~~~~~~
[28.367s] /opt/ros/humble/include/rclcpp/rclcpp/node.hpp:366:3: note:   candidate expects 4 arguments, 1 provided
[28.369s] /opt/ros/humble/include/rclcpp/rclcpp/node.hpp:391:3: note: candidate: ‘const rclcpp::ParameterValue& rclcpp::Node::declare_parameter(const string&, rclcpp::ParameterType, const ParameterDescriptor&, bool)’
[28.370s]   391 |   declare_parameter(
[28.371s]       |   ^~~~~~~~~~~~~~~~~
[28.372s] /opt/ros/humble/include/rclcpp/rclcpp/node.hpp:391:3: note:   candidate expects 4 arguments, 1 provided
[28.373s] /root/robot1_ws/src/ydlidar_ros2_driver/src/ydlidar_ros2_driver_node.cpp:109:26: error: no matching function for call to ‘rclcpp::Node::declare_parameter(const char [15])’
[28.374s]   109 |   node->declare_parameter("auto_reconnect");
[28.375s]       |   ~~~~~~~~~~~~~~~~~~~~~~~^~~~~~~~~~~~~~~~~~
[28.376s] In file included from /opt/ros/humble/include/rclcpp/rclcpp/executors/single_threaded_executor.hpp:28,
[28.377s]                  from /opt/ros/humble/include/rclcpp/rclcpp/executors.hpp:22,
[28.379s]                  from /opt/ros/humble/include/rclcpp/rclcpp/rclcpp.hpp:155,
[28.380s]                  from /root/robot1_ws/src/ydlidar_ros2_driver/src/ydlidar_ros2_driver_node.cpp:23:
[28.382s] /opt/ros/humble/include/rclcpp/rclcpp/node.hpp:421:3: note: candidate: ‘template<class ParameterT> auto rclcpp::Node::declare_parameter(const string&, const ParameterT&, const ParameterDescriptor&, bool)’
[28.383s]   421 |   declare_parameter(
[28.384s]       |   ^~~~~~~~~~~~~~~~~
[28.385s] /opt/ros/humble/include/rclcpp/rclcpp/node.hpp:421:3: note:   template argument deduction/substitution failed:
[28.386s] /root/robot1_ws/src/ydlidar_ros2_driver/src/ydlidar_ros2_driver_node.cpp:109:26: note:   candidate expects 4 arguments, 1 provided
[28.387s]   109 |   node->declare_parameter("auto_reconnect");
[28.388s]       |   ~~~~~~~~~~~~~~~~~~~~~~~^~~~~~~~~~~~~~~~~~
[28.390s] In file included from /opt/ros/humble/include/rclcpp/rclcpp/executors/single_threaded_executor.hpp:28,
[28.391s]                  from /opt/ros/humble/include/rclcpp/rclcpp/executors.hpp:22,
[28.392s]                  from /opt/ros/humble/include/rclcpp/rclcpp/rclcpp.hpp:155,
[28.393s]                  from /root/robot1_ws/src/ydlidar_ros2_driver/src/ydlidar_ros2_driver_node.cpp:23:
[28.395s] /opt/ros/humble/include/rclcpp/rclcpp/node.hpp:434:3: note: candidate: ‘template<class ParameterT> auto rclcpp::Node::declare_parameter(const string&, const ParameterDescriptor&, bool)’
[28.396s]   434 |   declare_parameter(
[28.397s]       |   ^~~~~~~~~~~~~~~~~
[28.398s] /opt/ros/humble/include/rclcpp/rclcpp/node.hpp:434:3: note:   template argument deduction/substitution failed:
[28.399s] /root/robot1_ws/src/ydlidar_ros2_driver/src/ydlidar_ros2_driver_node.cpp:109:26: note:   couldn’t deduce template parameter ‘ParameterT’
[28.401s]   109 |   node->declare_parameter("auto_reconnect");
[28.402s]       |   ~~~~~~~~~~~~~~~~~~~~~~~^~~~~~~~~~~~~~~~~~
[28.403s] In file included from /opt/ros/humble/include/rclcpp/rclcpp/executors/single_threaded_executor.hpp:28,
[28.404s]                  from /opt/ros/humble/include/rclcpp/rclcpp/executors.hpp:22,
[28.405s]                  from /opt/ros/humble/include/rclcpp/rclcpp/rclcpp.hpp:155,
[28.407s]                  from /root/robot1_ws/src/ydlidar_ros2_driver/src/ydlidar_ros2_driver_node.cpp:23:
[28.409s] /opt/ros/humble/include/rclcpp/rclcpp/node.hpp:366:3: note: candidate: ‘const rclcpp::ParameterValue& rclcpp::Node::declare_parameter(const string&, const rclcpp::ParameterValue&, const ParameterDescriptor&, bool)’
[28.410s]   366 |   declare_parameter(
[28.411s]       |   ^~~~~~~~~~~~~~~~~
[28.413s] /opt/ros/humble/include/rclcpp/rclcpp/node.hpp:366:3: note:   candidate expects 4 arguments, 1 provided
[28.414s] /opt/ros/humble/include/rclcpp/rclcpp/node.hpp:391:3: note: candidate: ‘const rclcpp::ParameterValue& rclcpp::Node::declare_parameter(const string&, rclcpp::ParameterType, const ParameterDescriptor&, bool)’
[28.415s]   391 |   declare_parameter(
[28.416s]       |   ^~~~~~~~~~~~~~~~~
[28.418s] /opt/ros/humble/include/rclcpp/rclcpp/node.hpp:391:3: note:   candidate expects 4 arguments, 1 provided
[28.419s] /root/robot1_ws/src/ydlidar_ros2_driver/src/ydlidar_ros2_driver_node.cpp:114:26: error: no matching function for call to ‘rclcpp::Node::declare_parameter(const char [16])’
[28.420s]   114 |   node->declare_parameter("isSingleChannel");
[28.421s]       |   ~~~~~~~~~~~~~~~~~~~~~~~^~~~~~~~~~~~~~~~~~~
[28.423s] In file included from /opt/ros/humble/include/rclcpp/rclcpp/executors/single_threaded_executor.hpp:28,
[28.424s]                  from /opt/ros/humble/include/rclcpp/rclcpp/executors.hpp:22,
[28.425s]                  from /opt/ros/humble/include/rclcpp/rclcpp/rclcpp.hpp:155,
[28.426s]                  from /root/robot1_ws/src/ydlidar_ros2_driver/src/ydlidar_ros2_driver_node.cpp:23:
[28.428s] /opt/ros/humble/include/rclcpp/rclcpp/node.hpp:421:3: note: candidate: ‘template<class ParameterT> auto rclcpp::Node::declare_parameter(const string&, const ParameterT&, const ParameterDescriptor&, bool)’
[28.429s]   421 |   declare_parameter(
[28.430s]       |   ^~~~~~~~~~~~~~~~~
[28.431s] /opt/ros/humble/include/rclcpp/rclcpp/node.hpp:421:3: note:   template argument deduction/substitution failed:
[28.433s] /root/robot1_ws/src/ydlidar_ros2_driver/src/ydlidar_ros2_driver_node.cpp:114:26: note:   candidate expects 4 arguments, 1 provided
[28.434s]   114 |   node->declare_parameter("isSingleChannel");
[28.435s]       |   ~~~~~~~~~~~~~~~~~~~~~~~^~~~~~~~~~~~~~~~~~~
[28.436s] In file included from /opt/ros/humble/include/rclcpp/rclcpp/executors/single_threaded_executor.hpp:28,
[28.438s]                  from /opt/ros/humble/include/rclcpp/rclcpp/executors.hpp:22,
[28.439s]                  from /opt/ros/humble/include/rclcpp/rclcpp/rclcpp.hpp:155,
[28.440s]                  from /root/robot1_ws/src/ydlidar_ros2_driver/src/ydlidar_ros2_driver_node.cpp:23:
[28.442s] /opt/ros/humble/include/rclcpp/rclcpp/node.hpp:434:3: note: candidate: ‘template<class ParameterT> auto rclcpp::Node::declare_parameter(const string&, const ParameterDescriptor&, bool)’
[28.443s]   434 |   declare_parameter(
[28.444s]       |   ^~~~~~~~~~~~~~~~~
[28.445s] /opt/ros/humble/include/rclcpp/rclcpp/node.hpp:434:3: note:   template argument deduction/substitution failed:
[28.447s] /root/robot1_ws/src/ydlidar_ros2_driver/src/ydlidar_ros2_driver_node.cpp:114:26: note:   couldn’t deduce template parameter ‘ParameterT’
[28.448s]   114 |   node->declare_parameter("isSingleChannel");
[28.449s]       |   ~~~~~~~~~~~~~~~~~~~~~~~^~~~~~~~~~~~~~~~~~~
[28.451s] In file included from /opt/ros/humble/include/rclcpp/rclcpp/executors/single_threaded_executor.hpp:28,
[28.452s]                  from /opt/ros/humble/include/rclcpp/rclcpp/executors.hpp:22,
[28.453s]                  from /opt/ros/humble/include/rclcpp/rclcpp/rclcpp.hpp:155,
[28.454s]                  from /root/robot1_ws/src/ydlidar_ros2_driver/src/ydlidar_ros2_driver_node.cpp:23:
[28.456s] /opt/ros/humble/include/rclcpp/rclcpp/node.hpp:366:3: note: candidate: ‘const rclcpp::ParameterValue& rclcpp::Node::declare_parameter(const string&, const rclcpp::ParameterValue&, const ParameterDescriptor&, bool)’
[28.457s]   366 |   declare_parameter(
[28.458s]       |   ^~~~~~~~~~~~~~~~~
[28.459s] /opt/ros/humble/include/rclcpp/rclcpp/node.hpp:366:3: note:   candidate expects 4 arguments, 1 provided
[28.461s] /opt/ros/humble/include/rclcpp/rclcpp/node.hpp:391:3: note: candidate: ‘const rclcpp::ParameterValue& rclcpp::Node::declare_parameter(const string&, rclcpp::ParameterType, const ParameterDescriptor&, bool)’
[28.462s]   391 |   declare_parameter(
[28.463s]       |   ^~~~~~~~~~~~~~~~~
[28.464s] /opt/ros/humble/include/rclcpp/rclcpp/node.hpp:391:3: note:   candidate expects 4 arguments, 1 provided
[28.466s] /root/robot1_ws/src/ydlidar_ros2_driver/src/ydlidar_ros2_driver_node.cpp:119:26: error: no matching function for call to ‘rclcpp::Node::declare_parameter(const char [10])’
[28.467s]   119 |   node->declare_parameter("intensity");
[28.468s]       |   ~~~~~~~~~~~~~~~~~~~~~~~^~~~~~~~~~~~~
[28.470s] In file included from /opt/ros/humble/include/rclcpp/rclcpp/executors/single_threaded_executor.hpp:28,
[28.471s]                  from /opt/ros/humble/include/rclcpp/rclcpp/executors.hpp:22,
[28.472s]                  from /opt/ros/humble/include/rclcpp/rclcpp/rclcpp.hpp:155,
[28.474s]                  from /root/robot1_ws/src/ydlidar_ros2_driver/src/ydlidar_ros2_driver_node.cpp:23:
[28.475s] /opt/ros/humble/include/rclcpp/rclcpp/node.hpp:421:3: note: candidate: ‘template<class ParameterT> auto rclcpp::Node::declare_parameter(const string&, const ParameterT&, const ParameterDescriptor&, bool)’
[28.476s]   421 |   declare_parameter(
[28.478s]       |   ^~~~~~~~~~~~~~~~~
[28.479s] /opt/ros/humble/include/rclcpp/rclcpp/node.hpp:421:3: note:   template argument deduction/substitution failed:
[28.480s] /root/robot1_ws/src/ydlidar_ros2_driver/src/ydlidar_ros2_driver_node.cpp:119:26: note:   candidate expects 4 arguments, 1 provided
[28.481s]   119 |   node->declare_parameter("intensity");
[28.482s]       |   ~~~~~~~~~~~~~~~~~~~~~~~^~~~~~~~~~~~~
[28.484s] In file included from /opt/ros/humble/include/rclcpp/rclcpp/executors/single_threaded_executor.hpp:28,
[28.485s]                  from /opt/ros/humble/include/rclcpp/rclcpp/executors.hpp:22,
[28.486s]                  from /opt/ros/humble/include/rclcpp/rclcpp/rclcpp.hpp:155,
[28.487s]                  from /root/robot1_ws/src/ydlidar_ros2_driver/src/ydlidar_ros2_driver_node.cpp:23:
[28.489s] /opt/ros/humble/include/rclcpp/rclcpp/node.hpp:434:3: note: candidate: ‘template<class ParameterT> auto rclcpp::Node::declare_parameter(const string&, const ParameterDescriptor&, bool)’
[28.490s]   434 |   declare_parameter(
[28.491s]       |   ^~~~~~~~~~~~~~~~~
[28.492s] /opt/ros/humble/include/rclcpp/rclcpp/node.hpp:434:3: note:   template argument deduction/substitution failed:
[28.494s] /root/robot1_ws/src/ydlidar_ros2_driver/src/ydlidar_ros2_driver_node.cpp:119:26: note:   couldn’t deduce template parameter ‘ParameterT’
[28.495s]   119 |   node->declare_parameter("intensity");
[28.496s]       |   ~~~~~~~~~~~~~~~~~~~~~~~^~~~~~~~~~~~~
[28.497s] In file included from /opt/ros/humble/include/rclcpp/rclcpp/executors/single_threaded_executor.hpp:28,
[28.499s]                  from /opt/ros/humble/include/rclcpp/rclcpp/executors.hpp:22,
[28.500s]                  from /opt/ros/humble/include/rclcpp/rclcpp/rclcpp.hpp:155,
[28.501s]                  from /root/robot1_ws/src/ydlidar_ros2_driver/src/ydlidar_ros2_driver_node.cpp:23:
[28.502s] /opt/ros/humble/include/rclcpp/rclcpp/node.hpp:366:3: note: candidate: ‘const rclcpp::ParameterValue& rclcpp::Node::declare_parameter(const string&, const rclcpp::ParameterValue&, const ParameterDescriptor&, bool)’
[28.504s]   366 |   declare_parameter(
[28.505s]       |   ^~~~~~~~~~~~~~~~~
[28.506s] /opt/ros/humble/include/rclcpp/rclcpp/node.hpp:366:3: note:   candidate expects 4 arguments, 1 provided
[28.508s] /opt/ros/humble/include/rclcpp/rclcpp/node.hpp:391:3: note: candidate: ‘const rclcpp::ParameterValue& rclcpp::Node::declare_parameter(const string&, rclcpp::ParameterType, const ParameterDescriptor&, bool)’
[28.509s]   391 |   declare_parameter(
[28.510s]       |   ^~~~~~~~~~~~~~~~~
[28.511s] /opt/ros/humble/include/rclcpp/rclcpp/node.hpp:391:3: note:   candidate expects 4 arguments, 1 provided
[28.512s] /root/robot1_ws/src/ydlidar_ros2_driver/src/ydlidar_ros2_driver_node.cpp:124:26: error: no matching function for call to ‘rclcpp::Node::declare_parameter(const char [18])’
[28.513s]   124 |   node->declare_parameter("support_motor_dtr");
[28.515s]       |   ~~~~~~~~~~~~~~~~~~~~~~~^~~~~~~~~~~~~~~~~~~~~
[28.516s] In file included from /opt/ros/humble/include/rclcpp/rclcpp/executors/single_threaded_executor.hpp:28,
[28.517s]                  from /opt/ros/humble/include/rclcpp/rclcpp/executors.hpp:22,
[28.518s]                  from /opt/ros/humble/include/rclcpp/rclcpp/rclcpp.hpp:155,
[28.519s]                  from /root/robot1_ws/src/ydlidar_ros2_driver/src/ydlidar_ros2_driver_node.cpp:23:
[28.521s] /opt/ros/humble/include/rclcpp/rclcpp/node.hpp:421:3: note: candidate: ‘template<class ParameterT> auto rclcpp::Node::declare_parameter(const string&, const ParameterT&, const ParameterDescriptor&, bool)’
[28.522s]   421 |   declare_parameter(
[28.523s]       |   ^~~~~~~~~~~~~~~~~
[28.524s] /opt/ros/humble/include/rclcpp/rclcpp/node.hpp:421:3: note:   template argument deduction/substitution failed:
[28.525s] /root/robot1_ws/src/ydlidar_ros2_driver/src/ydlidar_ros2_driver_node.cpp:124:26: note:   candidate expects 4 arguments, 1 provided
[28.526s]   124 |   node->declare_parameter("support_motor_dtr");
[28.528s]       |   ~~~~~~~~~~~~~~~~~~~~~~~^~~~~~~~~~~~~~~~~~~~~
[28.529s] In file included from /opt/ros/humble/include/rclcpp/rclcpp/executors/single_threaded_executor.hpp:28,
[28.530s]                  from /opt/ros/humble/include/rclcpp/rclcpp/executors.hpp:22,
[28.531s]                  from /opt/ros/humble/include/rclcpp/rclcpp/rclcpp.hpp:155,
[28.533s]                  from /root/robot1_ws/src/ydlidar_ros2_driver/src/ydlidar_ros2_driver_node.cpp:23:
[28.534s] /opt/ros/humble/include/rclcpp/rclcpp/node.hpp:434:3: note: candidate: ‘template<class ParameterT> auto rclcpp::Node::declare_parameter(const string&, const ParameterDescriptor&, bool)’
[28.535s]   434 |   declare_parameter(
[28.536s]       |   ^~~~~~~~~~~~~~~~~
[28.538s] /opt/ros/humble/include/rclcpp/rclcpp/node.hpp:434:3: note:   template argument deduction/substitution failed:
[28.539s] /root/robot1_ws/src/ydlidar_ros2_driver/src/ydlidar_ros2_driver_node.cpp:124:26: note:   couldn’t deduce template parameter ‘ParameterT’
[28.540s]   124 |   node->declare_parameter("support_motor_dtr");
[28.541s]       |   ~~~~~~~~~~~~~~~~~~~~~~~^~~~~~~~~~~~~~~~~~~~~
[28.543s] In file included from /opt/ros/humble/include/rclcpp/rclcpp/executors/single_threaded_executor.hpp:28,
[28.544s]                  from /opt/ros/humble/include/rclcpp/rclcpp/executors.hpp:22,
[28.545s]                  from /opt/ros/humble/include/rclcpp/rclcpp/rclcpp.hpp:155,
[28.546s]                  from /root/robot1_ws/src/ydlidar_ros2_driver/src/ydlidar_ros2_driver_node.cpp:23:
[28.548s] /opt/ros/humble/include/rclcpp/rclcpp/node.hpp:366:3: note: candidate: ‘const rclcpp::ParameterValue& rclcpp::Node::declare_parameter(const string&, const rclcpp::ParameterValue&, const ParameterDescriptor&, bool)’
[28.549s]   366 |   declare_parameter(
[28.550s]       |   ^~~~~~~~~~~~~~~~~
[28.551s] /opt/ros/humble/include/rclcpp/rclcpp/node.hpp:366:3: note:   candidate expects 4 arguments, 1 provided
[28.553s] /opt/ros/humble/include/rclcpp/rclcpp/node.hpp:391:3: note: candidate: ‘const rclcpp::ParameterValue& rclcpp::Node::declare_parameter(const string&, rclcpp::ParameterType, const ParameterDescriptor&, bool)’
[28.554s]   391 |   declare_parameter(
[28.555s]       |   ^~~~~~~~~~~~~~~~~
[28.556s] /opt/ros/humble/include/rclcpp/rclcpp/node.hpp:391:3: note:   candidate expects 4 arguments, 1 provided
[28.558s] /root/robot1_ws/src/ydlidar_ros2_driver/src/ydlidar_ros2_driver_node.cpp:129:26: error: no matching function for call to ‘rclcpp::Node::declare_parameter(const char [6])’
[28.559s]   129 |   node->declare_parameter("debug");
[28.560s]       |   ~~~~~~~~~~~~~~~~~~~~~~~^~~~~~~~~
[28.562s] In file included from /opt/ros/humble/include/rclcpp/rclcpp/executors/single_threaded_executor.hpp:28,
[28.563s]                  from /opt/ros/humble/include/rclcpp/rclcpp/executors.hpp:22,
[28.564s]                  from /opt/ros/humble/include/rclcpp/rclcpp/rclcpp.hpp:155,
[28.565s]                  from /root/robot1_ws/src/ydlidar_ros2_driver/src/ydlidar_ros2_driver_node.cpp:23:
[28.567s] /opt/ros/humble/include/rclcpp/rclcpp/node.hpp:421:3: note: candidate: ‘template<class ParameterT> auto rclcpp::Node::declare_parameter(const string&, const ParameterT&, const ParameterDescriptor&, bool)’
[28.568s]   421 |   declare_parameter(
[28.569s]       |   ^~~~~~~~~~~~~~~~~
[28.571s] /opt/ros/humble/include/rclcpp/rclcpp/node.hpp:421:3: note:   template argument deduction/substitution failed:
[28.572s] /root/robot1_ws/src/ydlidar_ros2_driver/src/ydlidar_ros2_driver_node.cpp:129:26: note:   candidate expects 4 arguments, 1 provided
[28.573s]   129 |   node->declare_parameter("debug");
[28.575s]       |   ~~~~~~~~~~~~~~~~~~~~~~~^~~~~~~~~
[28.576s] In file included from /opt/ros/humble/include/rclcpp/rclcpp/executors/single_threaded_executor.hpp:28,
[28.577s]                  from /opt/ros/humble/include/rclcpp/rclcpp/executors.hpp:22,
[28.578s]                  from /opt/ros/humble/include/rclcpp/rclcpp/rclcpp.hpp:155,
[28.580s]                  from /root/robot1_ws/src/ydlidar_ros2_driver/src/ydlidar_ros2_driver_node.cpp:23:
[28.581s] /opt/ros/humble/include/rclcpp/rclcpp/node.hpp:434:3: note: candidate: ‘template<class ParameterT> auto rclcpp::Node::declare_parameter(const string&, const ParameterDescriptor&, bool)’
[28.582s]   434 |   declare_parameter(
[28.583s]       |   ^~~~~~~~~~~~~~~~~
[28.585s] /opt/ros/humble/include/rclcpp/rclcpp/node.hpp:434:3: note:   template argument deduction/substitution failed:
[28.586s] /root/robot1_ws/src/ydlidar_ros2_driver/src/ydlidar_ros2_driver_node.cpp:129:26: note:   couldn’t deduce template parameter ‘ParameterT’
[28.587s]   129 |   node->declare_parameter("debug");
[28.589s]       |   ~~~~~~~~~~~~~~~~~~~~~~~^~~~~~~~~
[28.590s] In file included from /opt/ros/humble/include/rclcpp/rclcpp/executors/single_threaded_executor.hpp:28,
[28.591s]                  from /opt/ros/humble/include/rclcpp/rclcpp/executors.hpp:22,
[28.592s]                  from /opt/ros/humble/include/rclcpp/rclcpp/rclcpp.hpp:155,
[28.593s]                  from /root/robot1_ws/src/ydlidar_ros2_driver/src/ydlidar_ros2_driver_node.cpp:23:
[28.595s] /opt/ros/humble/include/rclcpp/rclcpp/node.hpp:366:3: note: candidate: ‘const rclcpp::ParameterValue& rclcpp::Node::declare_parameter(const string&, const rclcpp::ParameterValue&, const ParameterDescriptor&, bool)’
[28.596s]   366 |   declare_parameter(
[28.597s]       |   ^~~~~~~~~~~~~~~~~
[28.598s] /opt/ros/humble/include/rclcpp/rclcpp/node.hpp:366:3: note:   candidate expects 4 arguments, 1 provided
[28.600s] /opt/ros/humble/include/rclcpp/rclcpp/node.hpp:391:3: note: candidate: ‘const rclcpp::ParameterValue& rclcpp::Node::declare_parameter(const string&, rclcpp::ParameterType, const ParameterDescriptor&, bool)’
[28.601s]   391 |   declare_parameter(
[28.602s]       |   ^~~~~~~~~~~~~~~~~
[28.603s] /opt/ros/humble/include/rclcpp/rclcpp/node.hpp:391:3: note:   candidate expects 4 arguments, 1 provided
[28.605s] /root/robot1_ws/src/ydlidar_ros2_driver/src/ydlidar_ros2_driver_node.cpp:131:9: error: ‘class CYdLidar’ has no member named ‘setEnableDebug’
[28.606s]   131 |   laser.setEnableDebug(b_optvalue);
[28.607s]       |         ^~~~~~~~~~~~~~
[28.608s] /root/robot1_ws/src/ydlidar_ros2_driver/src/ydlidar_ros2_driver_node.cpp:136:26: error: no matching function for call to ‘rclcpp::Node::declare_parameter(const char [10])’
[28.610s]   136 |   node->declare_parameter("angle_max");
[28.611s]       |   ~~~~~~~~~~~~~~~~~~~~~~~^~~~~~~~~~~~~
[28.612s] In file included from /opt/ros/humble/include/rclcpp/rclcpp/executors/single_threaded_executor.hpp:28,
[28.613s]                  from /opt/ros/humble/include/rclcpp/rclcpp/executors.hpp:22,
[28.615s]                  from /opt/ros/humble/include/rclcpp/rclcpp/rclcpp.hpp:155,
[28.616s]                  from /root/robot1_ws/src/ydlidar_ros2_driver/src/ydlidar_ros2_driver_node.cpp:23:
[28.617s] /opt/ros/humble/include/rclcpp/rclcpp/node.hpp:421:3: note: candidate: ‘template<class ParameterT> auto rclcpp::Node::declare_parameter(const string&, const ParameterT&, const ParameterDescriptor&, bool)’
[28.619s]   421 |   declare_parameter(
[28.620s]       |   ^~~~~~~~~~~~~~~~~
[28.621s] /opt/ros/humble/include/rclcpp/rclcpp/node.hpp:421:3: note:   template argument deduction/substitution failed:
[28.622s] /root/robot1_ws/src/ydlidar_ros2_driver/src/ydlidar_ros2_driver_node.cpp:136:26: note:   candidate expects 4 arguments, 1 provided
[28.624s]   136 |   node->declare_parameter("angle_max");
[28.625s]       |   ~~~~~~~~~~~~~~~~~~~~~~~^~~~~~~~~~~~~
[28.626s] In file included from /opt/ros/humble/include/rclcpp/rclcpp/executors/single_threaded_executor.hpp:28,
[28.627s]                  from /opt/ros/humble/include/rclcpp/rclcpp/executors.hpp:22,
[28.629s]                  from /opt/ros/humble/include/rclcpp/rclcpp/rclcpp.hpp:155,
[28.630s]                  from /root/robot1_ws/src/ydlidar_ros2_driver/src/ydlidar_ros2_driver_node.cpp:23:
[28.631s] /opt/ros/humble/include/rclcpp/rclcpp/node.hpp:434:3: note: candidate: ‘template<class ParameterT> auto rclcpp::Node::declare_parameter(const string&, const ParameterDescriptor&, bool)’
[28.632s]   434 |   declare_parameter(
[28.634s]       |   ^~~~~~~~~~~~~~~~~
[28.635s] /opt/ros/humble/include/rclcpp/rclcpp/node.hpp:434:3: note:   template argument deduction/substitution failed:
[28.636s] /root/robot1_ws/src/ydlidar_ros2_driver/src/ydlidar_ros2_driver_node.cpp:136:26: note:   couldn’t deduce template parameter ‘ParameterT’
[28.637s]   136 |   node->declare_parameter("angle_max");
[28.638s]       |   ~~~~~~~~~~~~~~~~~~~~~~~^~~~~~~~~~~~~
[28.639s] In file included from /opt/ros/humble/include/rclcpp/rclcpp/executors/single_threaded_executor.hpp:28,
[28.641s]                  from /opt/ros/humble/include/rclcpp/rclcpp/executors.hpp:22,
[28.642s]                  from /opt/ros/humble/include/rclcpp/rclcpp/rclcpp.hpp:155,
[28.643s]                  from /root/robot1_ws/src/ydlidar_ros2_driver/src/ydlidar_ros2_driver_node.cpp:23:
[28.644s] /opt/ros/humble/include/rclcpp/rclcpp/node.hpp:366:3: note: candidate: ‘const rclcpp::ParameterValue& rclcpp::Node::declare_parameter(const string&, const rclcpp::ParameterValue&, const ParameterDescriptor&, bool)’
[28.645s]   366 |   declare_parameter(
[28.647s]       |   ^~~~~~~~~~~~~~~~~
[28.648s] /opt/ros/humble/include/rclcpp/rclcpp/node.hpp:366:3: note:   candidate expects 4 arguments, 1 provided
[28.649s] /opt/ros/humble/include/rclcpp/rclcpp/node.hpp:391:3: note: candidate: ‘const rclcpp::ParameterValue& rclcpp::Node::declare_parameter(const string&, rclcpp::ParameterType, const ParameterDescriptor&, bool)’
[28.650s]   391 |   declare_parameter(
[28.651s]       |   ^~~~~~~~~~~~~~~~~
[28.652s] /opt/ros/humble/include/rclcpp/rclcpp/node.hpp:391:3: note:   candidate expects 4 arguments, 1 provided
[28.654s] /root/robot1_ws/src/ydlidar_ros2_driver/src/ydlidar_ros2_driver_node.cpp:140:26: error: no matching function for call to ‘rclcpp::Node::declare_parameter(const char [10])’
[28.655s]   140 |   node->declare_parameter("angle_min");
[28.656s]       |   ~~~~~~~~~~~~~~~~~~~~~~~^~~~~~~~~~~~~
[28.657s] In file included from /opt/ros/humble/include/rclcpp/rclcpp/executors/single_threaded_executor.hpp:28,
[28.658s]                  from /opt/ros/humble/include/rclcpp/rclcpp/executors.hpp:22,
[28.659s]                  from /opt/ros/humble/include/rclcpp/rclcpp/rclcpp.hpp:155,
[28.660s]                  from /root/robot1_ws/src/ydlidar_ros2_driver/src/ydlidar_ros2_driver_node.cpp:23:
[28.662s] /opt/ros/humble/include/rclcpp/rclcpp/node.hpp:421:3: note: candidate: ‘template<class ParameterT> auto rclcpp::Node::declare_parameter(const string&, const ParameterT&, const ParameterDescriptor&, bool)’
[28.663s]   421 |   declare_parameter(
[28.664s]       |   ^~~~~~~~~~~~~~~~~
[28.665s] /opt/ros/humble/include/rclcpp/rclcpp/node.hpp:421:3: note:   template argument deduction/substitution failed:
[28.666s] /root/robot1_ws/src/ydlidar_ros2_driver/src/ydlidar_ros2_driver_node.cpp:140:26: note:   candidate expects 4 arguments, 1 provided
[28.667s]   140 |   node->declare_parameter("angle_min");
[28.668s]       |   ~~~~~~~~~~~~~~~~~~~~~~~^~~~~~~~~~~~~
[28.669s] In file included from /opt/ros/humble/include/rclcpp/rclcpp/executors/single_threaded_executor.hpp:28,
[28.670s]                  from /opt/ros/humble/include/rclcpp/rclcpp/executors.hpp:22,
[28.671s]                  from /opt/ros/humble/include/rclcpp/rclcpp/rclcpp.hpp:155,
[28.672s]                  from /root/robot1_ws/src/ydlidar_ros2_driver/src/ydlidar_ros2_driver_node.cpp:23:
[28.673s] /opt/ros/humble/include/rclcpp/rclcpp/node.hpp:434:3: note: candidate: ‘template<class ParameterT> auto rclcpp::Node::declare_parameter(const string&, const ParameterDescriptor&, bool)’
[28.674s]   434 |   declare_parameter(
[28.675s]       |   ^~~~~~~~~~~~~~~~~
[28.677s] /opt/ros/humble/include/rclcpp/rclcpp/node.hpp:434:3: note:   template argument deduction/substitution failed:
[28.678s] /root/robot1_ws/src/ydlidar_ros2_driver/src/ydlidar_ros2_driver_node.cpp:140:26: note:   couldn’t deduce template parameter ‘ParameterT’
[28.679s]   140 |   node->declare_parameter("angle_min");
[28.680s]       |   ~~~~~~~~~~~~~~~~~~~~~~~^~~~~~~~~~~~~
[28.681s] In file included from /opt/ros/humble/include/rclcpp/rclcpp/executors/single_threaded_executor.hpp:28,
[28.682s]                  from /opt/ros/humble/include/rclcpp/rclcpp/executors.hpp:22,
[28.683s]                  from /opt/ros/humble/include/rclcpp/rclcpp/rclcpp.hpp:155,
[28.684s]                  from /root/robot1_ws/src/ydlidar_ros2_driver/src/ydlidar_ros2_driver_node.cpp:23:
[28.685s] /opt/ros/humble/include/rclcpp/rclcpp/node.hpp:366:3: note: candidate: ‘const rclcpp::ParameterValue& rclcpp::Node::declare_parameter(const string&, const rclcpp::ParameterValue&, const ParameterDescriptor&, bool)’
[28.686s]   366 |   declare_parameter(
[28.687s]       |   ^~~~~~~~~~~~~~~~~
[28.688s] /opt/ros/humble/include/rclcpp/rclcpp/node.hpp:366:3: note:   candidate expects 4 arguments, 1 provided
[28.689s] /opt/ros/humble/include/rclcpp/rclcpp/node.hpp:391:3: note: candidate: ‘const rclcpp::ParameterValue& rclcpp::Node::declare_parameter(const string&, rclcpp::ParameterType, const ParameterDescriptor&, bool)’
[28.690s]   391 |   declare_parameter(
[28.691s]       |   ^~~~~~~~~~~~~~~~~
[28.692s] /opt/ros/humble/include/rclcpp/rclcpp/node.hpp:391:3: note:   candidate expects 4 arguments, 1 provided
[28.693s] /root/robot1_ws/src/ydlidar_ros2_driver/src/ydlidar_ros2_driver_node.cpp:145:26: error: no matching function for call to ‘rclcpp::Node::declare_parameter(const char [10])’
[28.694s]   145 |   node->declare_parameter("range_max");
[28.695s]       |   ~~~~~~~~~~~~~~~~~~~~~~~^~~~~~~~~~~~~
[28.696s] In file included from /opt/ros/humble/include/rclcpp/rclcpp/executors/single_threaded_executor.hpp:28,
[28.697s]                  from /opt/ros/humble/include/rclcpp/rclcpp/executors.hpp:22,
[28.698s]                  from /opt/ros/humble/include/rclcpp/rclcpp/rclcpp.hpp:155,
[28.699s]                  from /root/robot1_ws/src/ydlidar_ros2_driver/src/ydlidar_ros2_driver_node.cpp:23:
[28.700s] /opt/ros/humble/include/rclcpp/rclcpp/node.hpp:421:3: note: candidate: ‘template<class ParameterT> auto rclcpp::Node::declare_parameter(const string&, const ParameterT&, const ParameterDescriptor&, bool)’
[28.701s]   421 |   declare_parameter(
[28.702s]       |   ^~~~~~~~~~~~~~~~~
[28.703s] /opt/ros/humble/include/rclcpp/rclcpp/node.hpp:421:3: note:   template argument deduction/substitution failed:
[28.704s] /root/robot1_ws/src/ydlidar_ros2_driver/src/ydlidar_ros2_driver_node.cpp:145:26: note:   candidate expects 4 arguments, 1 provided
[28.705s]   145 |   node->declare_parameter("range_max");
[28.706s]       |   ~~~~~~~~~~~~~~~~~~~~~~~^~~~~~~~~~~~~
[28.707s] In file included from /opt/ros/humble/include/rclcpp/rclcpp/executors/single_threaded_executor.hpp:28,
[28.708s]                  from /opt/ros/humble/include/rclcpp/rclcpp/executors.hpp:22,
[28.709s]                  from /opt/ros/humble/include/rclcpp/rclcpp/rclcpp.hpp:155,
[28.710s]                  from /root/robot1_ws/src/ydlidar_ros2_driver/src/ydlidar_ros2_driver_node.cpp:23:
[28.711s] /opt/ros/humble/include/rclcpp/rclcpp/node.hpp:434:3: note: candidate: ‘template<class ParameterT> auto rclcpp::Node::declare_parameter(const string&, const ParameterDescriptor&, bool)’
[28.712s]   434 |   declare_parameter(
[28.713s]       |   ^~~~~~~~~~~~~~~~~
[28.714s] /opt/ros/humble/include/rclcpp/rclcpp/node.hpp:434:3: note:   template argument deduction/substitution failed:
[28.715s] /root/robot1_ws/src/ydlidar_ros2_driver/src/ydlidar_ros2_driver_node.cpp:145:26: note:   couldn’t deduce template parameter ‘ParameterT’
[28.717s]   145 |   node->declare_parameter("range_max");
[28.718s]       |   ~~~~~~~~~~~~~~~~~~~~~~~^~~~~~~~~~~~~
[28.719s] In file included from /opt/ros/humble/include/rclcpp/rclcpp/executors/single_threaded_executor.hpp:28,
[28.720s]                  from /opt/ros/humble/include/rclcpp/rclcpp/executors.hpp:22,
[28.721s]                  from /opt/ros/humble/include/rclcpp/rclcpp/rclcpp.hpp:155,
[28.722s]                  from /root/robot1_ws/src/ydlidar_ros2_driver/src/ydlidar_ros2_driver_node.cpp:23:
[28.723s] /opt/ros/humble/include/rclcpp/rclcpp/node.hpp:366:3: note: candidate: ‘const rclcpp::ParameterValue& rclcpp::Node::declare_parameter(const string&, const rclcpp::ParameterValue&, const ParameterDescriptor&, bool)’
[28.723s]   366 |   declare_parameter(
[28.725s]       |   ^~~~~~~~~~~~~~~~~
[28.726s] /opt/ros/humble/include/rclcpp/rclcpp/node.hpp:366:3: note:   candidate expects 4 arguments, 1 provided
[28.727s] /opt/ros/humble/include/rclcpp/rclcpp/node.hpp:391:3: note: candidate: ‘const rclcpp::ParameterValue& rclcpp::Node::declare_parameter(const string&, rclcpp::ParameterType, const ParameterDescriptor&, bool)’
[28.728s]   391 |   declare_parameter(
[28.729s]       |   ^~~~~~~~~~~~~~~~~
[28.730s] /opt/ros/humble/include/rclcpp/rclcpp/node.hpp:391:3: note:   candidate expects 4 arguments, 1 provided
[28.731s] /root/robot1_ws/src/ydlidar_ros2_driver/src/ydlidar_ros2_driver_node.cpp:149:26: error: no matching function for call to ‘rclcpp::Node::declare_parameter(const char [10])’
[28.732s]   149 |   node->declare_parameter("range_min");
[28.733s]       |   ~~~~~~~~~~~~~~~~~~~~~~~^~~~~~~~~~~~~
[28.734s] In file included from /opt/ros/humble/include/rclcpp/rclcpp/executors/single_threaded_executor.hpp:28,
[28.735s]                  from /opt/ros/humble/include/rclcpp/rclcpp/executors.hpp:22,
[28.736s]                  from /opt/ros/humble/include/rclcpp/rclcpp/rclcpp.hpp:155,
[28.737s]                  from /root/robot1_ws/src/ydlidar_ros2_driver/src/ydlidar_ros2_driver_node.cpp:23:
[28.738s] /opt/ros/humble/include/rclcpp/rclcpp/node.hpp:421:3: note: candidate: ‘template<class ParameterT> auto rclcpp::Node::declare_parameter(const string&, const ParameterT&, const ParameterDescriptor&, bool)’
[28.739s]   421 |   declare_parameter(
[28.740s]       |   ^~~~~~~~~~~~~~~~~
[28.741s] /opt/ros/humble/include/rclcpp/rclcpp/node.hpp:421:3: note:   template argument deduction/substitution failed:
[28.742s] /root/robot1_ws/src/ydlidar_ros2_driver/src/ydlidar_ros2_driver_node.cpp:149:26: note:   candidate expects 4 arguments, 1 provided
[28.743s]   149 |   node->declare_parameter("range_min");
[28.744s]       |   ~~~~~~~~~~~~~~~~~~~~~~~^~~~~~~~~~~~~
[28.745s] In file included from /opt/ros/humble/include/rclcpp/rclcpp/executors/single_threaded_executor.hpp:28,
[28.746s]                  from /opt/ros/humble/include/rclcpp/rclcpp/executors.hpp:22,
[28.747s]                  from /opt/ros/humble/include/rclcpp/rclcpp/rclcpp.hpp:155,
[28.748s]                  from /root/robot1_ws/src/ydlidar_ros2_driver/src/ydlidar_ros2_driver_node.cpp:23:
[28.749s] /opt/ros/humble/include/rclcpp/rclcpp/node.hpp:434:3: note: candidate: ‘template<class ParameterT> auto rclcpp::Node::declare_parameter(const string&, const ParameterDescriptor&, bool)’
[28.750s]   434 |   declare_parameter(
[28.751s]       |   ^~~~~~~~~~~~~~~~~
[28.752s] /opt/ros/humble/include/rclcpp/rclcpp/node.hpp:434:3: note:   template argument deduction/substitution failed:
[28.754s] /root/robot1_ws/src/ydlidar_ros2_driver/src/ydlidar_ros2_driver_node.cpp:149:26: note:   couldn’t deduce template parameter ‘ParameterT’
[28.755s]   149 |   node->declare_parameter("range_min");
[28.756s]       |   ~~~~~~~~~~~~~~~~~~~~~~~^~~~~~~~~~~~~
[28.757s] In file included from /opt/ros/humble/include/rclcpp/rclcpp/executors/single_threaded_executor.hpp:28,
[28.758s]                  from /opt/ros/humble/include/rclcpp/rclcpp/executors.hpp:22,
[28.759s]                  from /opt/ros/humble/include/rclcpp/rclcpp/rclcpp.hpp:155,
[28.760s]                  from /root/robot1_ws/src/ydlidar_ros2_driver/src/ydlidar_ros2_driver_node.cpp:23:
[28.761s] /opt/ros/humble/include/rclcpp/rclcpp/node.hpp:366:3: note: candidate: ‘const rclcpp::ParameterValue& rclcpp::Node::declare_parameter(const string&, const rclcpp::ParameterValue&, const ParameterDescriptor&, bool)’
[28.762s]   366 |   declare_parameter(
[28.763s]       |   ^~~~~~~~~~~~~~~~~
[28.764s] /opt/ros/humble/include/rclcpp/rclcpp/node.hpp:366:3: note:   candidate expects 4 arguments, 1 provided
[28.765s] /opt/ros/humble/include/rclcpp/rclcpp/node.hpp:391:3: note: candidate: ‘const rclcpp::ParameterValue& rclcpp::Node::declare_parameter(const string&, rclcpp::ParameterType, const ParameterDescriptor&, bool)’
[28.766s]   391 |   declare_parameter(
[28.767s]       |   ^~~~~~~~~~~~~~~~~
[28.768s] /opt/ros/humble/include/rclcpp/rclcpp/node.hpp:391:3: note:   candidate expects 4 arguments, 1 provided
[28.769s] /root/robot1_ws/src/ydlidar_ros2_driver/src/ydlidar_ros2_driver_node.cpp:154:26: error: no matching function for call to ‘rclcpp::Node::declare_parameter(const char [10])’
[28.770s]   154 |   node->declare_parameter("frequency");
[28.771s]       |   ~~~~~~~~~~~~~~~~~~~~~~~^~~~~~~~~~~~~
[28.772s] In file included from /opt/ros/humble/include/rclcpp/rclcpp/executors/single_threaded_executor.hpp:28,
[28.773s]                  from /opt/ros/humble/include/rclcpp/rclcpp/executors.hpp:22,
[28.774s]                  from /opt/ros/humble/include/rclcpp/rclcpp/rclcpp.hpp:155,
[28.776s]                  from /root/robot1_ws/src/ydlidar_ros2_driver/src/ydlidar_ros2_driver_node.cpp:23:
[28.778s] /opt/ros/humble/include/rclcpp/rclcpp/node.hpp:421:3: note: candidate: ‘template<class ParameterT> auto rclcpp::Node::declare_parameter(const string&, const ParameterT&, const ParameterDescriptor&, bool)’
[28.780s]   421 |   declare_parameter(
[28.781s]       |   ^~~~~~~~~~~~~~~~~
[28.782s] /opt/ros/humble/include/rclcpp/rclcpp/node.hpp:421:3: note:   template argument deduction/substitution failed:
[28.783s] /root/robot1_ws/src/ydlidar_ros2_driver/src/ydlidar_ros2_driver_node.cpp:154:26: note:   candidate expects 4 arguments, 1 provided
[28.785s]   154 |   node->declare_parameter("frequency");
[28.786s]       |   ~~~~~~~~~~~~~~~~~~~~~~~^~~~~~~~~~~~~
[28.787s] In file included from /opt/ros/humble/include/rclcpp/rclcpp/executors/single_threaded_executor.hpp:28,
[28.789s]                  from /opt/ros/humble/include/rclcpp/rclcpp/executors.hpp:22,
[28.790s]                  from /opt/ros/humble/include/rclcpp/rclcpp/rclcpp.hpp:155,
[28.791s]                  from /root/robot1_ws/src/ydlidar_ros2_driver/src/ydlidar_ros2_driver_node.cpp:23:
[28.792s] /opt/ros/humble/include/rclcpp/rclcpp/node.hpp:434:3: note: candidate: ‘template<class ParameterT> auto rclcpp::Node::declare_parameter(const string&, const ParameterDescriptor&, bool)’
[28.794s]   434 |   declare_parameter(
[28.795s]       |   ^~~~~~~~~~~~~~~~~
[28.797s] /opt/ros/humble/include/rclcpp/rclcpp/node.hpp:434:3: note:   template argument deduction/substitution failed:
[28.798s] /root/robot1_ws/src/ydlidar_ros2_driver/src/ydlidar_ros2_driver_node.cpp:154:26: note:   couldn’t deduce template parameter ‘ParameterT’
[28.799s]   154 |   node->declare_parameter("frequency");
[28.800s]       |   ~~~~~~~~~~~~~~~~~~~~~~~^~~~~~~~~~~~~
[28.802s] In file included from /opt/ros/humble/include/rclcpp/rclcpp/executors/single_threaded_executor.hpp:28,
[28.803s]                  from /opt/ros/humble/include/rclcpp/rclcpp/executors.hpp:22,
[28.804s]                  from /opt/ros/humble/include/rclcpp/rclcpp/rclcpp.hpp:155,
[28.805s]                  from /root/robot1_ws/src/ydlidar_ros2_driver/src/ydlidar_ros2_driver_node.cpp:23:
[28.806s] /opt/ros/humble/include/rclcpp/rclcpp/node.hpp:366:3: note: candidate: ‘const rclcpp::ParameterValue& rclcpp::Node::declare_parameter(const string&, const rclcpp::ParameterValue&, const ParameterDescriptor&, bool)’
[28.807s]   366 |   declare_parameter(
[28.809s]       |   ^~~~~~~~~~~~~~~~~
[28.810s] /opt/ros/humble/include/rclcpp/rclcpp/node.hpp:366:3: note:   candidate expects 4 arguments, 1 provided
[28.811s] /opt/ros/humble/include/rclcpp/rclcpp/node.hpp:391:3: note: candidate: ‘const rclcpp::ParameterValue& rclcpp::Node::declare_parameter(const string&, rclcpp::ParameterType, const ParameterDescriptor&, bool)’
[28.812s]   391 |   declare_parameter(
[28.814s]       |   ^~~~~~~~~~~~~~~~~
[28.815s] /opt/ros/humble/include/rclcpp/rclcpp/node.hpp:391:3: note:   candidate expects 4 arguments, 1 provided
[28.817s] /root/robot1_ws/src/ydlidar_ros2_driver/src/ydlidar_ros2_driver_node.cpp:159:26: error: no matching function for call to ‘rclcpp::Node::declare_parameter(const char [21])’
[28.819s]   159 |   node->declare_parameter("invalid_range_is_inf");
[28.820s]       |   ~~~~~~~~~~~~~~~~~~~~~~~^~~~~~~~~~~~~~~~~~~~~~~~
[28.821s] In file included from /opt/ros/humble/include/rclcpp/rclcpp/executors/single_threaded_executor.hpp:28,
[28.823s]                  from /opt/ros/humble/include/rclcpp/rclcpp/executors.hpp:22,
[28.824s]                  from /opt/ros/humble/include/rclcpp/rclcpp/rclcpp.hpp:155,
[28.825s]                  from /root/robot1_ws/src/ydlidar_ros2_driver/src/ydlidar_ros2_driver_node.cpp:23:
[28.827s] /opt/ros/humble/include/rclcpp/rclcpp/node.hpp:421:3: note: candidate: ‘template<class ParameterT> auto rclcpp::Node::declare_parameter(const string&, const ParameterT&, const ParameterDescriptor&, bool)’
[28.828s]   421 |   declare_parameter(
[28.829s]       |   ^~~~~~~~~~~~~~~~~
[28.831s] /opt/ros/humble/include/rclcpp/rclcpp/node.hpp:421:3: note:   template argument deduction/substitution failed:
[28.832s] /root/robot1_ws/src/ydlidar_ros2_driver/src/ydlidar_ros2_driver_node.cpp:159:26: note:   candidate expects 4 arguments, 1 provided
[28.833s]   159 |   node->declare_parameter("invalid_range_is_inf");
[28.834s]       |   ~~~~~~~~~~~~~~~~~~~~~~~^~~~~~~~~~~~~~~~~~~~~~~~
[28.835s] In file included from /opt/ros/humble/include/rclcpp/rclcpp/executors/single_threaded_executor.hpp:28,
[28.837s]                  from /opt/ros/humble/include/rclcpp/rclcpp/executors.hpp:22,
[28.838s]                  from /opt/ros/humble/include/rclcpp/rclcpp/rclcpp.hpp:155,
[28.839s]                  from /root/robot1_ws/src/ydlidar_ros2_driver/src/ydlidar_ros2_driver_node.cpp:23:
[28.840s] /opt/ros/humble/include/rclcpp/rclcpp/node.hpp:434:3: note: candidate: ‘template<class ParameterT> auto rclcpp::Node::declare_parameter(const string&, const ParameterDescriptor&, bool)’
[28.842s]   434 |   declare_parameter(
[28.843s]       |   ^~~~~~~~~~~~~~~~~
[28.844s] /opt/ros/humble/include/rclcpp/rclcpp/node.hpp:434:3: note:   template argument deduction/substitution failed:
[28.845s] /root/robot1_ws/src/ydlidar_ros2_driver/src/ydlidar_ros2_driver_node.cpp:159:26: note:   couldn’t deduce template parameter ‘ParameterT’
[28.846s]   159 |   node->declare_parameter("invalid_range_is_inf");
[28.847s]       |   ~~~~~~~~~~~~~~~~~~~~~~~^~~~~~~~~~~~~~~~~~~~~~~~
[28.848s] In file included from /opt/ros/humble/include/rclcpp/rclcpp/executors/single_threaded_executor.hpp:28,
[28.850s]                  from /opt/ros/humble/include/rclcpp/rclcpp/executors.hpp:22,
[28.851s]                  from /opt/ros/humble/include/rclcpp/rclcpp/rclcpp.hpp:155,
[28.852s]                  from /root/robot1_ws/src/ydlidar_ros2_driver/src/ydlidar_ros2_driver_node.cpp:23:
[28.853s] /opt/ros/humble/include/rclcpp/rclcpp/node.hpp:366:3: note: candidate: ‘const rclcpp::ParameterValue& rclcpp::Node::declare_parameter(const string&, const rclcpp::ParameterValue&, const ParameterDescriptor&, bool)’
[28.854s]   366 |   declare_parameter(
[28.855s]       |   ^~~~~~~~~~~~~~~~~
[28.856s] /opt/ros/humble/include/rclcpp/rclcpp/node.hpp:366:3: note:   candidate expects 4 arguments, 1 provided
[28.858s] /opt/ros/humble/include/rclcpp/rclcpp/node.hpp:391:3: note: candidate: ‘const rclcpp::ParameterValue& rclcpp::Node::declare_parameter(const string&, rclcpp::ParameterType, const ParameterDescriptor&, bool)’
[28.859s]   391 |   declare_parameter(
[28.860s]       |   ^~~~~~~~~~~~~~~~~
[28.861s] /opt/ros/humble/include/rclcpp/rclcpp/node.hpp:391:3: note:   candidate expects 4 arguments, 1 provided
[28.862s] /root/robot1_ws/src/ydlidar_ros2_driver/src/ydlidar_ros2_driver_node.cpp:168:28: error: no matching function for call to ‘rclcpp::Node::declare_parameter(const char [8])’
[28.863s]   168 |     node->declare_parameter("m1_mode");
[28.864s]       |     ~~~~~~~~~~~~~~~~~~~~~~~^~~~~~~~~~~
[28.866s] In file included from /opt/ros/humble/include/rclcpp/rclcpp/executors/single_threaded_executor.hpp:28,
[28.867s]                  from /opt/ros/humble/include/rclcpp/rclcpp/executors.hpp:22,
[28.868s]                  from /opt/ros/humble/include/rclcpp/rclcpp/rclcpp.hpp:155,
[28.869s]                  from /root/robot1_ws/src/ydlidar_ros2_driver/src/ydlidar_ros2_driver_node.cpp:23:
[28.870s] /opt/ros/humble/include/rclcpp/rclcpp/node.hpp:421:3: note: candidate: ‘template<class ParameterT> auto rclcpp::Node::declare_parameter(const string&, const ParameterT&, const ParameterDescriptor&, bool)’
[28.872s]   421 |   declare_parameter(
[28.873s]       |   ^~~~~~~~~~~~~~~~~
[28.874s] /opt/ros/humble/include/rclcpp/rclcpp/node.hpp:421:3: note:   template argument deduction/substitution failed:
[28.875s] /root/robot1_ws/src/ydlidar_ros2_driver/src/ydlidar_ros2_driver_node.cpp:168:28: note:   candidate expects 4 arguments, 1 provided
[28.876s]   168 |     node->declare_parameter("m1_mode");
[28.878s]       |     ~~~~~~~~~~~~~~~~~~~~~~~^~~~~~~~~~~
[28.879s] In file included from /opt/ros/humble/include/rclcpp/rclcpp/executors/single_threaded_executor.hpp:28,
[28.880s]                  from /opt/ros/humble/include/rclcpp/rclcpp/executors.hpp:22,
[28.881s]                  from /opt/ros/humble/include/rclcpp/rclcpp/rclcpp.hpp:155,
[28.883s]                  from /root/robot1_ws/src/ydlidar_ros2_driver/src/ydlidar_ros2_driver_node.cpp:23:
[28.884s] /opt/ros/humble/include/rclcpp/rclcpp/node.hpp:434:3: note: candidate: ‘template<class ParameterT> auto rclcpp::Node::declare_parameter(const string&, const ParameterDescriptor&, bool)’
[28.885s]   434 |   declare_parameter(
[28.886s]       |   ^~~~~~~~~~~~~~~~~
[28.887s] /opt/ros/humble/include/rclcpp/rclcpp/node.hpp:434:3: note:   template argument deduction/substitution failed:
[28.888s] /root/robot1_ws/src/ydlidar_ros2_driver/src/ydlidar_ros2_driver_node.cpp:168:28: note:   couldn’t deduce template parameter ‘ParameterT’
[28.889s]   168 |     node->declare_parameter("m1_mode");
[28.890s]       |     ~~~~~~~~~~~~~~~~~~~~~~~^~~~~~~~~~~
[28.892s] In file included from /opt/ros/humble/include/rclcpp/rclcpp/executors/single_threaded_executor.hpp:28,
[28.893s]                  from /opt/ros/humble/include/rclcpp/rclcpp/executors.hpp:22,
[28.894s]                  from /opt/ros/humble/include/rclcpp/rclcpp/rclcpp.hpp:155,
[28.895s]                  from /root/robot1_ws/src/ydlidar_ros2_driver/src/ydlidar_ros2_driver_node.cpp:23:
[28.896s] /opt/ros/humble/include/rclcpp/rclcpp/node.hpp:366:3: note: candidate: ‘const rclcpp::ParameterValue& rclcpp::Node::declare_parameter(const string&, const rclcpp::ParameterValue&, const ParameterDescriptor&, bool)’
[28.898s]   366 |   declare_parameter(
[28.899s]       |   ^~~~~~~~~~~~~~~~~
[28.900s] /opt/ros/humble/include/rclcpp/rclcpp/node.hpp:366:3: note:   candidate expects 4 arguments, 1 provided
[28.901s] /opt/ros/humble/include/rclcpp/rclcpp/node.hpp:391:3: note: candidate: ‘const rclcpp::ParameterValue& rclcpp::Node::declare_parameter(const string&, rclcpp::ParameterType, const ParameterDescriptor&, bool)’
[28.902s]   391 |   declare_parameter(
[28.903s]       |   ^~~~~~~~~~~~~~~~~
[28.905s] /opt/ros/humble/include/rclcpp/rclcpp/node.hpp:391:3: note:   candidate expects 4 arguments, 1 provided
[28.906s] /root/robot1_ws/src/ydlidar_ros2_driver/src/ydlidar_ros2_driver_node.cpp:172:28: error: no matching function for call to ‘rclcpp::Node::declare_parameter(const char [8])’
[28.907s]   172 |     node->declare_parameter("m2_mode");
[28.908s]       |     ~~~~~~~~~~~~~~~~~~~~~~~^~~~~~~~~~~
[28.909s] In file included from /opt/ros/humble/include/rclcpp/rclcpp/executors/single_threaded_executor.hpp:28,
[28.910s]                  from /opt/ros/humble/include/rclcpp/rclcpp/executors.hpp:22,
[28.912s]                  from /opt/ros/humble/include/rclcpp/rclcpp/rclcpp.hpp:155,
[28.913s]                  from /root/robot1_ws/src/ydlidar_ros2_driver/src/ydlidar_ros2_driver_node.cpp:23:
[28.914s] /opt/ros/humble/include/rclcpp/rclcpp/node.hpp:421:3: note: candidate: ‘template<class ParameterT> auto rclcpp::Node::declare_parameter(const string&, const ParameterT&, const ParameterDescriptor&, bool)’
[28.915s]   421 |   declare_parameter(
[28.917s]       |   ^~~~~~~~~~~~~~~~~
[28.918s] /opt/ros/humble/include/rclcpp/rclcpp/node.hpp:421:3: note:   template argument deduction/substitution failed:
[28.919s] /root/robot1_ws/src/ydlidar_ros2_driver/src/ydlidar_ros2_driver_node.cpp:172:28: note:   candidate expects 4 arguments, 1 provided
[28.920s]   172 |     node->declare_parameter("m2_mode");
[28.921s]       |     ~~~~~~~~~~~~~~~~~~~~~~~^~~~~~~~~~~
[28.922s] In file included from /opt/ros/humble/include/rclcpp/rclcpp/executors/single_threaded_executor.hpp:28,
[28.923s]                  from /opt/ros/humble/include/rclcpp/rclcpp/executors.hpp:22,
[28.927s]                  from /opt/ros/humble/include/rclcpp/rclcpp/rclcpp.hpp:155,
[28.928s]                  from /root/robot1_ws/src/ydlidar_ros2_driver/src/ydlidar_ros2_driver_node.cpp:23:
[28.929s] /opt/ros/humble/include/rclcpp/rclcpp/node.hpp:434:3: note: candidate: ‘template<class ParameterT> auto rclcpp::Node::declare_parameter(const string&, const ParameterDescriptor&, bool)’
[28.931s]   434 |   declare_parameter(
[28.932s]       |   ^~~~~~~~~~~~~~~~~
[28.933s] /opt/ros/humble/include/rclcpp/rclcpp/node.hpp:434:3: note:   template argument deduction/substitution failed:
[28.934s] /root/robot1_ws/src/ydlidar_ros2_driver/src/ydlidar_ros2_driver_node.cpp:172:28: note:   couldn’t deduce template parameter ‘ParameterT’
[28.935s]   172 |     node->declare_parameter("m2_mode");
[28.937s]       |     ~~~~~~~~~~~~~~~~~~~~~~~^~~~~~~~~~~
[28.938s] In file included from /opt/ros/humble/include/rclcpp/rclcpp/executors/single_threaded_executor.hpp:28,
[28.939s]                  from /opt/ros/humble/include/rclcpp/rclcpp/executors.hpp:22,
[28.940s]                  from /opt/ros/humble/include/rclcpp/rclcpp/rclcpp.hpp:155,
[28.941s]                  from /root/robot1_ws/src/ydlidar_ros2_driver/src/ydlidar_ros2_driver_node.cpp:23:
[28.942s] /opt/ros/humble/include/rclcpp/rclcpp/node.hpp:366:3: note: candidate: ‘const rclcpp::ParameterValue& rclcpp::Node::declare_parameter(const string&, const rclcpp::ParameterValue&, const ParameterDescriptor&, bool)’
[28.943s]   366 |   declare_parameter(
[28.945s]       |   ^~~~~~~~~~~~~~~~~
[28.946s] /opt/ros/humble/include/rclcpp/rclcpp/node.hpp:366:3: note:   candidate expects 4 arguments, 1 provided
[28.947s] /opt/ros/humble/include/rclcpp/rclcpp/node.hpp:391:3: note: candidate: ‘const rclcpp::ParameterValue& rclcpp::Node::declare_parameter(const string&, rclcpp::ParameterType, const ParameterDescriptor&, bool)’
[28.948s]   391 |   declare_parameter(
[28.949s]       |   ^~~~~~~~~~~~~~~~~
[28.950s] /opt/ros/humble/include/rclcpp/rclcpp/node.hpp:391:3: note:   candidate expects 4 arguments, 1 provided
[28.951s] /root/robot1_ws/src/ydlidar_ros2_driver/src/ydlidar_ros2_driver_node.cpp:176:28: error: no matching function for call to ‘rclcpp::Node::declare_parameter(const char [8])’
[28.954s]   176 |     node->declare_parameter("m3_mode");
[28.955s]       |     ~~~~~~~~~~~~~~~~~~~~~~~^~~~~~~~~~~
[28.957s] In file included from /opt/ros/humble/include/rclcpp/rclcpp/executors/single_threaded_executor.hpp:28,
[28.958s]                  from /opt/ros/humble/include/rclcpp/rclcpp/executors.hpp:22,
[28.960s]                  from /opt/ros/humble/include/rclcpp/rclcpp/rclcpp.hpp:155,
[28.961s]                  from /root/robot1_ws/src/ydlidar_ros2_driver/src/ydlidar_ros2_driver_node.cpp:23:
[28.962s] /opt/ros/humble/include/rclcpp/rclcpp/node.hpp:421:3: note: candidate: ‘template<class ParameterT> auto rclcpp::Node::declare_parameter(const string&, const ParameterT&, const ParameterDescriptor&, bool)’
[28.966s]   421 |   declare_parameter(
[28.967s]       |   ^~~~~~~~~~~~~~~~~
[28.968s] /opt/ros/humble/include/rclcpp/rclcpp/node.hpp:421:3: note:   template argument deduction/substitution failed:
[28.969s] /root/robot1_ws/src/ydlidar_ros2_driver/src/ydlidar_ros2_driver_node.cpp:176:28: note:   candidate expects 4 arguments, 1 provided
[28.970s]   176 |     node->declare_parameter("m3_mode");
[28.971s]       |     ~~~~~~~~~~~~~~~~~~~~~~~^~~~~~~~~~~
[28.974s] In file included from /opt/ros/humble/include/rclcpp/rclcpp/executors/single_threaded_executor.hpp:28,
[28.975s]                  from /opt/ros/humble/include/rclcpp/rclcpp/executors.hpp:22,
[28.977s]                  from /opt/ros/humble/include/rclcpp/rclcpp/rclcpp.hpp:155,
[28.978s]                  from /root/robot1_ws/src/ydlidar_ros2_driver/src/ydlidar_ros2_driver_node.cpp:23:
[28.979s] /opt/ros/humble/include/rclcpp/rclcpp/node.hpp:434:3: note: candidate: ‘template<class ParameterT> auto rclcpp::Node::declare_parameter(const string&, const ParameterDescriptor&, bool)’
[28.983s]   434 |   declare_parameter(
[28.984s]       |   ^~~~~~~~~~~~~~~~~
[28.985s] /opt/ros/humble/include/rclcpp/rclcpp/node.hpp:434:3: note:   template argument deduction/substitution failed:
[28.986s] /root/robot1_ws/src/ydlidar_ros2_driver/src/ydlidar_ros2_driver_node.cpp:176:28: note:   couldn’t deduce template parameter ‘ParameterT’
[28.987s]   176 |     node->declare_parameter("m3_mode");
[28.994s]       |     ~~~~~~~~~~~~~~~~~~~~~~~^~~~~~~~~~~
[28.995s] In file included from /opt/ros/humble/include/rclcpp/rclcpp/executors/single_threaded_executor.hpp:28,
[28.996s]                  from /opt/ros/humble/include/rclcpp/rclcpp/executors.hpp:22,
[28.998s]                  from /opt/ros/humble/include/rclcpp/rclcpp/rclcpp.hpp:155,
[28.999s]                  from /root/robot1_ws/src/ydlidar_ros2_driver/src/ydlidar_ros2_driver_node.cpp:23:
[29.000s] /opt/ros/humble/include/rclcpp/rclcpp/node.hpp:366:3: note: candidate: ‘const rclcpp::ParameterValue& rclcpp::Node::declare_parameter(const string&, const rclcpp::ParameterValue&, const ParameterDescriptor&, bool)’
[29.003s]   366 |   declare_parameter(
[29.004s]       |   ^~~~~~~~~~~~~~~~~
[29.005s] /opt/ros/humble/include/rclcpp/rclcpp/node.hpp:366:3: note:   candidate expects 4 arguments, 1 provided
[29.006s] /opt/ros/humble/include/rclcpp/rclcpp/node.hpp:391:3: note: candidate: ‘const rclcpp::ParameterValue& rclcpp::Node::declare_parameter(const string&, rclcpp::ParameterType, const ParameterDescriptor&, bool)’
[29.007s]   391 |   declare_parameter(
[29.009s]       |   ^~~~~~~~~~~~~~~~~
[29.010s] /opt/ros/humble/include/rclcpp/rclcpp/node.hpp:391:3: note:   candidate expects 4 arguments, 1 provided
[29.011s] /root/robot1_ws/src/ydlidar_ros2_driver/src/ydlidar_ros2_driver_node.cpp: In lambda function:
[29.013s] /root/robot1_ws/src/ydlidar_ros2_driver/src/ydlidar_ros2_driver_node.cpp:190:54: warning: unused parameter ‘request_header’ [-Wunused-parameter]
[29.014s]   190 |     [&laser](const std::shared_ptr<rmw_request_id_t> request_header,
[29.015s]       |              ~~~~~~~~~~~~~~~~~~~~~~~~~~~~~~~~~~~~~~~~^~~~~~~~~~~~~~
[29.017s] /root/robot1_ws/src/ydlidar_ros2_driver/src/ydlidar_ros2_driver_node.cpp:191:56: warning: unused parameter ‘req’ [-Wunused-parameter]
[29.018s]   191 |   const std::shared_ptr<std_srvs::srv::Empty::Request> req,
[29.019s]       |   ~~~~~~~~~~~~~~~~~~~~~~~~~~~~~~~~~~~~~~~~~~~~~~~~~~~~~^~~
[29.022s] /root/robot1_ws/src/ydlidar_ros2_driver/src/ydlidar_ros2_driver_node.cpp:192:51: warning: unused parameter ‘response’ [-Wunused-parameter]
[29.024s]   192 |   std::shared_ptr<std_srvs::srv::Empty::Response> response) -> bool
[29.025s]       |   ~~~~~~~~~~~~~~~~~~~~~~~~~~~~~~~~~~~~~~~~~~~~~~~~^~~~~~~~
[29.026s] /root/robot1_ws/src/ydlidar_ros2_driver/src/ydlidar_ros2_driver_node.cpp: In lambda function:
[29.027s] /root/robot1_ws/src/ydlidar_ros2_driver/src/ydlidar_ros2_driver_node.cpp:200:54: warning: unused parameter ‘request_header’ [-Wunused-parameter]
[29.028s]   200 |     [&laser](const std::shared_ptr<rmw_request_id_t> request_header,
[29.029s]       |              ~~~~~~~~~~~~~~~~~~~~~~~~~~~~~~~~~~~~~~~~^~~~~~~~~~~~~~
[29.030s] /root/robot1_ws/src/ydlidar_ros2_driver/src/ydlidar_ros2_driver_node.cpp:201:56: warning: unused parameter ‘req’ [-Wunused-parameter]
[29.031s]   201 |   const std::shared_ptr<std_srvs::srv::Empty::Request> req,
[29.036s]       |   ~~~~~~~~~~~~~~~~~~~~~~~~~~~~~~~~~~~~~~~~~~~~~~~~~~~~~^~~
[29.037s] /root/robot1_ws/src/ydlidar_ros2_driver/src/ydlidar_ros2_driver_node.cpp:202:51: warning: unused parameter ‘response’ [-Wunused-parameter]
[29.038s]   202 |   std::shared_ptr<std_srvs::srv::Empty::Response> response) -> bool
[29.039s]       |   ~~~~~~~~~~~~~~~~~~~~~~~~~~~~~~~~~~~~~~~~~~~~~~~~^~~~~~~~
[29.043s] /root/robot1_ws/src/ydlidar_ros2_driver/src/ydlidar_ros2_driver_node.cpp: In function ‘int main(int, char**)’:
[29.045s] /root/robot1_ws/src/ydlidar_ros2_driver/src/ydlidar_ros2_driver_node.cpp:235:21: warning: unused variable ‘p’ [-Wunused-variable]
[29.046s]   235 |         const auto& p = scan.points.at(i);
[29.047s]       |                     ^
[35.056s] gmake[2]: *** [CMakeFiles/ydlidar_ros2_driver_node.dir/build.make:76: CMakeFiles/ydlidar_ros2_driver_node.dir/src/ydlidar_ros2_driver_node.cpp.o] Error 1
[35.057s] gmake[1]: *** [CMakeFiles/Makefile2:139: CMakeFiles/ydlidar_ros2_driver_node.dir/all] Error 2
[35.058s] gmake[1]: *** Waiting for unfinished jobs....
[71.528s] [ 75%] Linking CXX executable ydlidar_ros2_driver_client
[75.714s] [ 75%] Built target ydlidar_ros2_driver_client
[75.720s] gmake: *** [Makefile:146: all] Error 2
[75.727s] Invoked command in '/root/robot1_ws/build/ydlidar_ros2_driver' returned '2': CMAKE_PREFIX_PATH=/opt/ros/humble /usr/bin/cmake --build /root/robot1_ws/build/ydlidar_ros2_driver -- -j4 -l4
